*サーバー使用中,,,,,,,,,,,,,,,,
,アカデミーの研究設定,,,,,,,,,,,,,,,
,備考,Research category<br> 1 发展<br> 2 猎杀<br> ３経済<br> ４軍事,アンロック条件①<br>ラボラトリーレベル<br>Research rank,研究項目のグループID,研究項目レベル,アンロック条件②<br>各種施設レベル<br>入力形式…[XX「；」YY]（[施設タイプid，該当施設レベル]）,研究名テキストデータ,研究説明テキストデータ,Wait time (sec),必要な食糧数,必要な木材数,必要な鉄材数,戦力<br>※加算式,研究項目の関連ID<br>入力形式…[XX「；」YY]<br>1…兵種解放、兵士ID入力：[1「；」1007],研究項目の関連ID<br>（※SLGバフ）,
,[TABLE],building_academy_setting_new,,,,,,,,,,,,,,
,n_id,n_category,n_rank,n_group_id,n_level,s_research_requirement,s_name,s_description,n_time,n_rice,n_wood,n_iron,n_power,s_value,n_refer_id,#描述
,101101,1,1,101100,1,,RESEARCH_101100,RESEARCH_info_10001,60,1053,0,0,12,,501,「建造速度」Lv.1
,101102,1,2,101100,2,,RESEARCH_101100,RESEARCH_info_10001,300,1431,0,0,47,,502,「建造速度」Lv.2
,101103,1,3,101100,3,,RESEARCH_101100,RESEARCH_info_10001,900,2412,0,0,135,,503,「建造速度」Lv.3
,101104,1,4,101100,4,,RESEARCH_101100,RESEARCH_info_10001,1800,3152,0,0,265,,504,「建造速度」Lv.4
,101105,1,5,101100,5,,RESEARCH_101100,RESEARCH_info_10001,3600,4034,274,0,525,,505,「建造速度」Lv.5
,102101,1,2,102100,1,,RESEARCH_102100,RESEARCH_info_10002,375,1789,0,0,58,,1001,「英雄装备锻造速度」Lv.1
,102102,1,3,102100,2,,RESEARCH_102100,RESEARCH_info_10002,1125,3015,0,0,168,,1002,「英雄装备锻造速度」Lv.2
,102103,1,4,102100,3,,RESEARCH_102100,RESEARCH_info_10002,2250,3940,0,0,331,,1003,「英雄装备锻造速度」Lv.3
,102104,1,5,102100,4,,RESEARCH_102100,RESEARCH_info_10002,4500,5043,343,0,657,,1004,「英雄装备锻造速度」Lv.4
,102105,1,6,102100,5,,RESEARCH_102100,RESEARCH_info_10002,7500,8910,675,0,1096,,1005,「英雄装备锻造速度」Lv.5
,102201,1,2,102200,1,,RESEARCH_102200,RESEARCH_info_10003,330,1646,0,0,52,,901,「战斗道具制作速度」Lv.1
,102202,1,3,102200,2,,RESEARCH_102200,RESEARCH_info_10003,990,2774,0,0,149,,902,「战斗道具制作速度」Lv.2
,102203,1,4,102200,3,,RESEARCH_102200,RESEARCH_info_10003,1980,3625,0,0,292,,903,「战斗道具制作速度」Lv.3
,102204,1,5,102200,4,,RESEARCH_102200,RESEARCH_info_10003,3960,4640,315,0,578,,904,「战斗道具制作速度」Lv.4
,102205,1,6,102200,5,,RESEARCH_102200,RESEARCH_info_10003,6600,8197,621,0,965,,905,「战斗道具制作速度」Lv.5
,103101,1,4,103100,1,,RESEARCH_103100,RESEARCH_info_10004,1800,3310,0,0,266,,101,「科研速度」Lv.1
,103102,1,5,103100,2,,RESEARCH_103100,RESEARCH_info_10004,3600,4236,288,0,526,,102,「科研速度」Lv.2
,103103,1,6,103100,3,,RESEARCH_103100,RESEARCH_info_10004,6000,7484,567,0,877,,103,「科研速度」Lv.3
,103104,1,7,103100,4,,RESEARCH_103100,RESEARCH_info_10004,9000,10240,1891,0,1317,,104,「科研速度」Lv.4
,103105,1,8,103100,5,,RESEARCH_103100,RESEARCH_info_10004,9900,97569,2884,0,1657,,105,「科研速度」Lv.5
,104101,1,8,104100,1,,RESEARCH_104100,RESEARCH_info_10005,9000,148677,4394,0,2492,,1301,「部队负载加成」Lv.1
,104102,1,9,104100,2,,RESEARCH_104100,RESEARCH_info_10005,13500,180460,9048,0,2970,,1302,「部队负载加成」Lv.2
,104103,1,10,104100,3,,RESEARCH_104100,RESEARCH_info_10005,14850,211802,19267,890,3664,,1303,「部队负载加成」Lv.3
,104104,1,11,104100,4,,RESEARCH_104100,RESEARCH_info_10005,17550,269340,29574,2088,4614,,1304,「部队负载加成」Lv.4
,104105,1,12,104100,5,,RESEARCH_104100,RESEARCH_info_10005,21600,330407,40608,12364,5813,,1305,「部队负载加成」Lv.5
,104201,1,8,104200,1,,RESEARCH_104200,RESEARCH_info_10006,6900,102215,3021,0,1881,,4101,「训练速度」Lv.1
,104202,1,9,104200,2,,RESEARCH_104200,RESEARCH_info_10006,10350,124066,6221,0,2240,,4102,「训练速度」Lv.2
,104203,1,10,104200,3,,RESEARCH_104200,RESEARCH_info_10006,11385,145614,13246,612,2763,,4103,「训练速度」Lv.3
,104204,1,11,104200,4,,RESEARCH_104200,RESEARCH_info_10006,13455,185171,20332,1436,3478,,4104,「训练速度」Lv.4
,104205,1,12,104200,5,,RESEARCH_104200,RESEARCH_info_10006,16560,227155,27918,8500,4378,,4105,「训练速度」Lv.5
,105101,1,9,105100,1,,RESEARCH_105100,RESEARCH_info_10007,19800,225575,11311,0,3921,,11001,「体力恢复速度」Lv.1
,105102,1,10,105100,2,,RESEARCH_105100,RESEARCH_info_10007,23400,264753,24084,1113,4836,,11002,「体力恢复速度」Lv.2
,105103,1,11,105100,3,,RESEARCH_105100,RESEARCH_info_10007,28800,336675,36968,2611,6089,,11003,「体力恢复速度」Lv.3
,105104,1,12,105100,4,,RESEARCH_105100,RESEARCH_info_10007,36000,413009,50760,15456,7667,,11004,「体力恢复速度」Lv.4
,105105,1,13,105100,5,,RESEARCH_105100,RESEARCH_info_10007,45000,501961,91260,27504,9624,,11005,「体力恢复速度」Lv.5
,106101,1,10,106100,1,,RESEARCH_106100,RESEARCH_info_10008,20160,185327,16858,779,3386,,2501,「仓库保护容量上限」Lv.1
,106102,1,11,106100,2,,RESEARCH_106100,RESEARCH_info_10008,25200,235673,25877,1827,4263,,2502,「仓库保护容量上限」Lv.2
,106103,1,12,106100,3,,RESEARCH_106100,RESEARCH_info_10008,31500,289106,35532,10819,5367,,2503,「仓库保护容量上限」Lv.3
,106104,1,13,106100,4,,RESEARCH_106100,RESEARCH_info_10008,39060,351373,63882,19252,6737,,2504,「仓库保护容量上限」Lv.4
,106105,1,14,106100,5,,RESEARCH_106100,RESEARCH_info_10008,47880,421008,97770,95356,8646,,2505,「仓库保护容量上限」Lv.5
,106201,1,10,106200,1,,RESEARCH_106200,RESEARCH_info_10009,18720,172089,15654,723,3144,,5301,「医院伤兵数量」Lv.1
,106202,1,11,106200,2,,RESEARCH_106200,RESEARCH_info_10009,23400,218839,24029,1697,3958,,5302,「医院伤兵数量」Lv.2
,106203,1,12,106200,3,,RESEARCH_106200,RESEARCH_info_10009,29250,268456,32994,10046,4984,,5303,「医院伤兵数量」Lv.3
,106204,1,13,106200,4,,RESEARCH_106200,RESEARCH_info_10009,36270,326275,59319,17877,6256,,5304,「医院伤兵数量」Lv.4
,106205,1,14,106200,5,,RESEARCH_106200,RESEARCH_info_10009,44460,390936,90787,88545,8029,,5305,「医院伤兵数量」Lv.5
,106301,1,10,106300,1,,RESEARCH_106300,RESEARCH_info_10010,17280,158852,14450,668,2902,,4801,「治疗速度」Lv.1
,106302,1,11,106300,2,,RESEARCH_106300,RESEARCH_info_10010,21600,202005,22181,1566,3654,,4802,「治疗速度」Lv.2
,106303,1,12,106300,3,,RESEARCH_106300,RESEARCH_info_10010,27000,247805,30456,9273,4601,,4803,「治疗速度」Lv.3
,106304,1,13,106300,4,,RESEARCH_106300,RESEARCH_info_10010,33480,301177,54756,16502,5775,,4804,「治疗速度」Lv.4
,106305,1,14,106300,5,,RESEARCH_106300,RESEARCH_info_10010,41040,360864,83803,81734,7411,,4805,「治疗速度」Lv.5
,107101,1,14,107100,1,,RESEARCH_107100,RESEARCH_info_10011,102600,902160,209509,204336,18527,,7701,「减少部队的阵亡人数」Lv.1
,107102,1,15,107100,2,,RESEARCH_107100,RESEARCH_info_10011,124200,1065692,278640,319464,22797,,7702,「减少部队的阵亡人数」Lv.2
,107103,1,16,107100,3,,RESEARCH_107100,RESEARCH_info_10011,148500,2117639,332715,431424,29499,,7703,「减少部队的阵亡人数」Lv.3
,107104,1,17,107100,4,,RESEARCH_107100,RESEARCH_info_10011,175500,2613758,395604,527616,35220,,7704,「减少部队的阵亡人数」Lv.4
,107105,1,18,107100,5,,RESEARCH_107100,RESEARCH_info_10011,205200,3169575,497070,638928,41679,,7705,「减少部队的阵亡人数」Lv.5
,108101,1,16,108100,1,,RESEARCH_108100,RESEARCH_info_10001,49500,705879,110905,143808,9833,,502,「建造速度」Lv.1
,108102,1,17,108100,2,,RESEARCH_108100,RESEARCH_info_10001,58500,871252,131868,175872,11740,,504,「建造速度」Lv.2
,108103,1,18,108100,3,,RESEARCH_108100,RESEARCH_info_10001,68400,1056525,165690,212976,13893,,506,「建造速度」Lv.3
,108104,1,19,108100,4,,RESEARCH_108100,RESEARCH_info_10001,79200,1263379,204624,255840,16272,,507,「建造速度」Lv.4
,108105,1,20,108100,5,,RESEARCH_108100,RESEARCH_info_10001,90900,1494199,366282,332928,19437,,508,「建造速度」Lv.5
,108106,1,21,108100,6,,RESEARCH_108100,RESEARCH_info_10001,102600,1587916,431100,422016,21988,,509,「建造速度」Lv.6
,108107,1,22,108100,7,,RESEARCH_108100,RESEARCH_info_10001,114300,1698425,505890,528384,24696,,510,「建造速度」Lv.7
,108108,1,23,108100,8,,RESEARCH_108100,RESEARCH_info_10001,126000,1731744,592056,654912,27357,,511,「建造速度」Lv.8
,108109,1,24,108100,9,,RESEARCH_108100,RESEARCH_info_10001,137700,1791210,691470,804480,30237,,512,「建造速度」Lv.9
,108110,1,25,108100,10,,RESEARCH_108100,RESEARCH_info_10001,149400,1829652,866880,1224000,34624,,513,「建造速度」Lv.10
,108201,1,16,108200,1,,RESEARCH_108200,RESEARCH_info_10004,49500,741173,116450,150998,9972,,102,「科研速度」Lv.1
,108202,1,17,108200,2,,RESEARCH_108200,RESEARCH_info_10004,58500,914815,138461,184665,11910,,104,「科研速度」Lv.2
,108203,1,18,108200,3,,RESEARCH_108200,RESEARCH_info_10004,68400,1109351,173974,223624,14099,,108,「科研速度」Lv.3
,108204,1,19,108200,4,,RESEARCH_108200,RESEARCH_info_10004,79200,1326548,214855,268632,16520,,109,「科研速度」Lv.4
,108205,1,20,108200,5,,RESEARCH_108200,RESEARCH_info_10004,90900,1568909,384596,349574,19760,,110,「科研速度」Lv.5
,108206,1,21,108200,6,,RESEARCH_108200,RESEARCH_info_10004,102600,1667312,452655,443116,22354,,111,「科研速度」Lv.6
,108207,1,22,108200,7,,RESEARCH_108200,RESEARCH_info_10004,114300,1783347,531184,554803,25114,,112,「科研速度」Lv.7
,108208,1,23,108200,8,,RESEARCH_108200,RESEARCH_info_10004,126000,1818331,621658,687657,27825,,113,「科研速度」Lv.8
,108209,1,24,108200,9,,RESEARCH_108200,RESEARCH_info_10004,137700,1880770,726043,844704,30765,,114,「科研速度」Lv.9
,108210,1,25,108200,10,,RESEARCH_108200,RESEARCH_info_10004,149400,1921135,910224,1285200,35288,,115,「科研速度」Lv.10
,108301,1,16,108300,1,,RESEARCH_108300,RESEARCH_info_10006,56925,776467,121995,158188,11170,,4102,「训练速度」Lv.1
,108302,1,17,108300,2,,RESEARCH_108300,RESEARCH_info_10006,67275,958378,145054,193459,13332,,4104,「训练速度」Lv.2
,108303,1,18,108300,3,,RESEARCH_108300,RESEARCH_info_10006,78660,1162177,182259,234273,15771,,4106,「训练速度」Lv.3
,108304,1,19,108300,4,,RESEARCH_108300,RESEARCH_info_10006,91080,1389717,225086,281424,18465,,4107,「训练速度」Lv.4
,108305,1,20,108300,5,,RESEARCH_108300,RESEARCH_info_10006,104535,1643619,402910,366220,22030,,4108,「训练速度」Lv.5
,108306,1,21,108300,6,,RESEARCH_108300,RESEARCH_info_10006,117990,1746707,474210,464217,25067,,4109,「训练速度」Lv.6
,108307,1,22,108300,7,,RESEARCH_108300,RESEARCH_info_10006,131445,1868268,556479,581222,28425,,4110,「训练速度」Lv.7
,108308,1,23,108300,8,,RESEARCH_108300,RESEARCH_info_10006,144900,1904918,651261,720403,31880,,4111,「训练速度」Lv.8
,108309,1,24,108300,9,,RESEARCH_108300,RESEARCH_info_10006,158355,1970331,760617,884928,35723,,4112,「训练速度」Lv.9
,108310,1,25,108300,10,,RESEARCH_108300,RESEARCH_info_10006,171810,2012617,953568,1346400,41372,,4113,「训练速度」Lv.10
,109101,1,18,109100,1,,RESEARCH_109100,RESEARCH_info_10007,136800,2113050,331380,425952,27786,,11002,「体力恢复速度」Lv.1
,109102,1,19,109100,2,,RESEARCH_109100,RESEARCH_info_10007,158400,2526759,409248,511680,32543,,11004,「体力恢复速度」Lv.2
,109103,1,20,109100,3,,RESEARCH_109100,RESEARCH_info_10007,181800,2988399,732564,665856,38874,,11006,「体力恢复速度」Lv.3
,109104,1,21,109100,4,,RESEARCH_109100,RESEARCH_info_10007,205200,3175832,862200,844032,44232,,11007,「体力恢复速度」Lv.4
,109105,1,22,109100,5,,RESEARCH_109100,RESEARCH_info_10007,228600,3396851,1011780,1056768,50163,,11008,「体力恢复速度」Lv.5
,109106,1,23,109100,6,,RESEARCH_109100,RESEARCH_info_10007,252000,3463488,1184112,1309824,56256,,11009,「体力恢复速度」Lv.6
,109107,1,24,109100,7,,RESEARCH_109100,RESEARCH_info_10007,275400,3582420,1382940,1608960,63045,,11010,「体力恢复速度」Lv.7
,109108,1,25,109100,8,,RESEARCH_109100,RESEARCH_info_10007,298800,3659304,1733760,2448000,73105,,11011,「体力恢复速度」Lv.8
,109109,1,25,109100,9,,RESEARCH_109100,RESEARCH_info_10007,322560,3716481,1981440,2937600,81343,,11012,「体力恢复速度」Lv.9
,109110,1,25,109100,10,,RESEARCH_109100,RESEARCH_info_10007,346320,3773658,2229120,3329280,89372,,11013,「体力恢复速度」Lv.10
,110101,1,20,110100,1,,RESEARCH_110100,RESEARCH_info_10003,99990,1718329,421224,382867,21704,,902,「战斗道具制作速度」Lv.1
,110102,1,21,110100,2,,RESEARCH_110100,RESEARCH_info_10003,112860,1826103,495765,485318,24694,,904,「战斗道具制作速度」Lv.2
,110103,1,22,110100,3,,RESEARCH_110100,RESEARCH_info_10003,125730,1953189,581773,607641,28008,,906,「战斗道具制作速度」Lv.3
,110104,1,23,110100,4,,RESEARCH_110100,RESEARCH_info_10003,138600,1991505,680864,753148,31409,,907,「战斗道具制作速度」Lv.4
,110105,1,24,110100,5,,RESEARCH_110100,RESEARCH_info_10003,151470,2059891,795190,925152,35203,,908,「战斗道具制作速度」Lv.5
,110106,1,25,110100,6,,RESEARCH_110100,RESEARCH_info_10003,164340,2104100,996912,1407600,40872,,909,「战斗道具制作速度」Lv.6
,110107,1,25,110100,7,,RESEARCH_110100,RESEARCH_info_10003,177408,2136976,1139328,1689120,45487,,910,「战斗道具制作速度」Lv.7
,110108,1,25,110100,8,,RESEARCH_110100,RESEARCH_info_10003,190476,2169853,1281744,1914336,49975,,911,「战斗道具制作速度」Lv.8
,110109,1,25,110100,9,,RESEARCH_110100,RESEARCH_info_10003,203544,2202730,1424160,2026944,54068,,912,「战斗道具制作速度」Lv.9
,110110,1,25,110100,10,,RESEARCH_110100,RESEARCH_info_10003,216612,2235606,1566576,2083248,58034,,913,「战斗道具制作速度」Lv.10
,110201,1,20,110200,1,,RESEARCH_110200,RESEARCH_info_10002,113625,1867749,457852,416160,24297,,1002,「英雄装备锻造速度」Lv.1
,110202,1,21,110200,2,,RESEARCH_110200,RESEARCH_info_10002,128250,1984895,538875,527520,27645,,1004,「英雄装备锻造速度」Lv.2
,110203,1,22,110200,3,,RESEARCH_110200,RESEARCH_info_10002,142875,2123032,632362,660480,31352,,1006,「英雄装备锻造速度」Lv.3
,110204,1,23,110200,4,,RESEARCH_110200,RESEARCH_info_10002,157500,2164680,740070,818640,35160,,1007,「英雄装备锻造速度」Lv.4
,110205,1,24,110200,5,,RESEARCH_110200,RESEARCH_info_10002,172125,2239012,864337,1005600,39403,,1008,「英雄装备锻造速度」Lv.5
,110206,1,25,110200,6,,RESEARCH_110200,RESEARCH_info_10002,186750,2287065,1083600,1530000,45691,,1009,「英雄装备锻造速度」Lv.6
,110207,1,25,110200,7,,RESEARCH_110200,RESEARCH_info_10002,201600,2322801,1238400,1836000,50840,,1010,「英雄装备锻造速度」Lv.7
,110208,1,25,110200,8,,RESEARCH_110200,RESEARCH_info_10002,216450,2358536,1393200,2080800,55857,,1011,「英雄装备锻造速度」Lv.8
,110209,1,25,110200,9,,RESEARCH_110200,RESEARCH_info_10002,231300,2394271,1548000,2203200,60453,,1012,「英雄装备锻造速度」Lv.9
,110210,1,25,110200,10,,RESEARCH_110200,RESEARCH_info_10002,246150,2430007,1702800,2264400,64918,,1013,「英雄装备锻造速度」Lv.10
,110301,1,20,110300,1,,RESEARCH_110300,RESEARCH_info_10010,109080,1793039,439538,399513,23325,,4802,「治疗速度」Lv.1
,110302,1,21,110300,2,,RESEARCH_110300,RESEARCH_info_10010,123120,1905499,517320,506419,26539,,4804,「治疗速度」Lv.2
,110303,1,22,110300,3,,RESEARCH_110300,RESEARCH_info_10010,137160,2038111,607068,634060,30098,,4806,「治疗速度」Lv.3
,110304,1,23,110300,4,,RESEARCH_110300,RESEARCH_info_10010,151200,2078092,710467,785894,33754,,4807,「治疗速度」Lv.4
,110305,1,24,110300,5,,RESEARCH_110300,RESEARCH_info_10010,165240,2149452,829764,965376,37827,,4808,「治疗速度」Lv.5
,110306,1,25,110300,6,,RESEARCH_110300,RESEARCH_info_10010,179280,2195582,1040256,1468800,43863,,4809,「治疗速度」Lv.6
,110307,1,25,110300,7,,RESEARCH_110300,RESEARCH_info_10010,193536,2229888,1188864,1762560,48806,,4810,「治疗速度」Lv.7
,110308,1,25,110300,8,,RESEARCH_110300,RESEARCH_info_10010,207792,2264194,1337472,1997568,53623,,4811,「治疗速度」Lv.8
,110309,1,25,110300,9,,RESEARCH_110300,RESEARCH_info_10010,222048,2298500,1486080,2115072,58035,,4812,「治疗速度」Lv.9
,110310,1,25,110300,10,,RESEARCH_110300,RESEARCH_info_10010,236304,2332806,1634688,2173824,62322,,4813,「治疗速度」Lv.10
,111101,1,21,111100,1,,RESEARCH_111100,RESEARCH_info_10005,153900,793958,215550,211008,25844,,1301,「部队负载加成」Lv.1
,111102,1,22,111100,2,,RESEARCH_111100,RESEARCH_info_10005,171450,849212,252945,264192,29255,,1302,「部队负载加成」Lv.2
,111103,1,23,111100,3,,RESEARCH_111100,RESEARCH_info_10005,189000,865872,296028,327456,32836,,1303,「部队负载加成」Lv.3
,111104,1,24,111100,4,,RESEARCH_111100,RESEARCH_info_10005,206550,895605,345735,402240,36719,,1304,「部队负载加成」Lv.4
,111105,1,25,111100,5,,RESEARCH_111100,RESEARCH_info_10005,224100,914826,433440,612000,41548,,1305,「部队负载加成」Lv.5
,111106,1,25,111100,6,,RESEARCH_111100,RESEARCH_info_10005,241920,929120,495360,734400,46050,,1306,「部队负载加成」Lv.6
,111107,1,25,111100,7,,RESEARCH_111100,RESEARCH_info_10005,259740,943414,557280,832320,50629,,1307,「部队负载加成」Lv.7
,111108,1,25,111100,8,,RESEARCH_111100,RESEARCH_info_10005,277560,957708,619200,881280,55167,,1308,「部队负载加成」Lv.8
,111109,1,25,111100,9,,RESEARCH_111100,RESEARCH_info_10005,295380,972002,681120,905760,59782,,1309,「部队负载加成」Lv.9
,111110,1,25,111100,10,,RESEARCH_111100,RESEARCH_info_10005,313200,986297,705888,930240,64457,,1310,「部队负载加成」Lv.10
,112101,1,23,112100,1,,RESEARCH_112100,RESEARCH_info_10008,176400,2424441,828878,916876,39379,,2506,「仓库保护容量上限」Lv.1
,112102,1,24,112100,2,,RESEARCH_112100,RESEARCH_info_10008,192780,2507694,968058,1126272,44132,,2505,「仓库保护容量上限」Lv.2
,112103,1,25,112100,3,,RESEARCH_112100,RESEARCH_info_10008,209160,2561513,1213632,1713600,51174,,2507,「仓库保护容量上限」Lv.3
,112104,1,25,112100,4,,RESEARCH_112100,RESEARCH_info_10008,225792,2601537,1387008,2056320,56940,,2508,「仓库保护容量上限」Lv.4
,112105,1,25,112100,5,,RESEARCH_112100,RESEARCH_info_10008,242424,2641560,1560384,2330496,62560,,2509,「仓库保护容量上限」Lv.5
,112106,1,25,112100,6,,RESEARCH_112100,RESEARCH_info_10008,259056,2681584,1733760,2467584,67708,,2510,「仓库保护容量上限」Lv.6
,112107,1,25,112100,7,,RESEARCH_112100,RESEARCH_info_10008,275688,2721608,1907136,2536128,72709,,2511,「仓库保护容量上限」Lv.7
,112108,1,25,112100,8,,RESEARCH_112100,RESEARCH_info_10008,292320,2761631,1976486,2604672,77518,,2512,「仓库保护容量上限」Lv.8
,112109,1,25,112100,9,,RESEARCH_112100,RESEARCH_info_10008,308952,2801655,2011161,2673216,82383,,2513,「仓库保护容量上限」Lv.9
,112110,1,25,112100,10,,RESEARCH_112100,RESEARCH_info_10008,326088,2841679,2045836,2741760,87429,,2514,「仓库保护容量上限」Lv.10
,112201,1,23,112200,1,,RESEARCH_112200,RESEARCH_info_10009,163800,2251267,769672,851385,36567,,5306,「医院伤兵数量」Lv.1
,112202,1,24,112200,2,,RESEARCH_112200,RESEARCH_info_10009,179010,2328573,898911,1045824,40980,,5303,「医院伤兵数量」Lv.2
,112203,1,25,112200,3,,RESEARCH_112200,RESEARCH_info_10009,194220,2378548,1126944,1591200,47519,,5307,「医院伤兵数量」Lv.3
,112204,1,25,112200,4,,RESEARCH_112200,RESEARCH_info_10009,209664,2415713,1287936,1909440,52873,,5308,「医院伤兵数量」Lv.4
,112205,1,25,112200,5,,RESEARCH_112200,RESEARCH_info_10009,225108,2452877,1448928,2164032,58092,,5309,「医院伤兵数量」Lv.5
,112206,1,25,112200,6,,RESEARCH_112200,RESEARCH_info_10009,240552,2490042,1609920,2291328,62871,,5310,「医院伤兵数量」Lv.6
,112207,1,25,112200,7,,RESEARCH_112200,RESEARCH_info_10009,255996,2527207,1770912,2354976,67515,,5311,「医院伤兵数量」Lv.7
,112208,1,25,112200,8,,RESEARCH_112200,RESEARCH_info_10009,271440,2564372,1835308,2418624,71981,,5312,「医院伤兵数量」Lv.8
,112209,1,25,112200,9,,RESEARCH_112200,RESEARCH_info_10009,286884,2601537,1867507,2482272,76499,,5313,「医院伤兵数量」Lv.9
,112210,1,25,112200,10,,RESEARCH_112200,RESEARCH_info_10009,302796,2638701,1899705,2545920,81184,,5314,「医院伤兵数量」Lv.10
,113101,1,25,113100,1,,RESEARCH_113100,RESEARCH_info_10011,448200,2927443,1387008,1958400,91064,,7701,「减少部队的阵亡人数」Lv.1
,113102,1,25,113100,2,,RESEARCH_113100,RESEARCH_info_10011,483840,2973185,1585152,2350080,101074,,7702,「减少部队的阵亡人数」Lv.2
,113103,1,25,113100,3,,RESEARCH_113100,RESEARCH_info_10011,519480,3018926,1783296,2663424,111097,,7703,「减少部队的阵亡人数」Lv.3
,113104,1,25,113100,4,,RESEARCH_113100,RESEARCH_info_10011,555120,3064667,1981440,2820096,120760,,7704,「减少部队的阵亡人数」Lv.4
,113105,1,25,113100,5,,RESEARCH_113100,RESEARCH_info_10011,590760,3110409,2179584,2898432,130435,,7705,「减少部队的阵亡人数」Lv.5
,113106,1,25,113100,6,,RESEARCH_113100,RESEARCH_info_10011,626400,3156150,2258841,2976768,140072,,7706,「减少部队的阵亡人数」Lv.6
,113107,1,25,113100,7,,RESEARCH_113100,RESEARCH_info_10011,662040,3201891,2298470,3055104,149952,,7707,「减少部队的阵亡人数」Lv.7
,113108,1,25,113100,8,,RESEARCH_113100,RESEARCH_info_10011,698760,3247633,2338099,3133440,160219,,7708,「减少部队的阵亡人数」Lv.8
,113109,1,25,113100,9,,RESEARCH_113100,RESEARCH_info_10011,735480,3293374,2377728,3211776,170871,,7709,「减少部队的阵亡人数」Lv.9
,113110,1,25,113100,10,,RESEARCH_113100,RESEARCH_info_10011,772200,3339115,2417356,3290112,181909,,7710,「减少部队的阵亡人数」Lv.10
,201101,2,8,201100,1,,RESEARCH_201100,RESEARCH_info_20001,720,52036,1464,0,1261,,1701,「猎杀行军速度」Lv.1
,201102,2,9,201100,2,,RESEARCH_201100,RESEARCH_info_20001,1440,63161,3016,0,1499,,1702,「猎杀行军速度」Lv.2
,201103,2,10,201100,3,,RESEARCH_201100,RESEARCH_info_20001,2880,74131,6422,779,1849,,1703,「猎杀行军速度」Lv.3
,201104,2,11,201100,4,,RESEARCH_201100,RESEARCH_info_20001,4800,94269,9858,1827,2326,,1704,「猎杀行军速度」Lv.4
,201105,2,12,201100,5,,RESEARCH_201100,RESEARCH_info_20001,7200,115642,13536,10819,2947,,1705,「猎杀行军速度」Lv.5
,202101,2,9,202100,1,,RESEARCH_202100,RESEARCH_info_20002,2700,118426,5655,0,2810,,10501,「行动力上限」Lv.1
,202102,2,10,202100,2,,RESEARCH_202100,RESEARCH_info_20002,5400,138995,12042,1461,3467,,10502,「行动力上限」Lv.2
,202103,2,11,202100,3,,RESEARCH_202100,RESEARCH_info_20002,9000,176754,18484,3427,4361,,10503,「行动力上限」Lv.3
,202104,2,12,202100,4,,RESEARCH_202100,RESEARCH_info_20002,13500,216829,25380,20286,5525,,10504,「行动力上限」Lv.4
,202105,2,13,202100,5,,RESEARCH_202100,RESEARCH_info_20002,14850,263530,45630,36099,6941,,10505,「行动力上限」Lv.5
,202201,2,9,202200,1,,RESEARCH_202200,RESEARCH_info_20003,3600,197378,9426,0,3847,,10901,「行动力恢复速度」Lv.1
,202202,2,10,202200,2,,RESEARCH_202200,RESEARCH_info_20003,7200,231659,20070,2436,4750,,10902,「行动力恢复速度」Lv.2
,202203,2,11,202200,3,,RESEARCH_202200,RESEARCH_info_20003,12000,294591,30807,5712,5982,,10903,「行动力恢复速度」Lv.3
,202204,2,12,202200,4,,RESEARCH_202200,RESEARCH_info_20003,18000,361383,42300,33810,7602,,10904,「行动力恢复速度」Lv.4
,202205,2,13,202200,5,,RESEARCH_202200,RESEARCH_info_20003,19800,439216,76050,60165,9576,,10905,「行动力恢复速度」Lv.5
,203101,2,10,203100,1,,RESEARCH_203100,RESEARCH_info_20004,18000,370655,32112,3897,7188,,10601,「行动力消耗降低」Lv.1
,203102,2,11,203100,2,,RESEARCH_203100,RESEARCH_info_20004,27000,471346,49291,9139,9057,,10602,「行动力消耗降低」Lv.2
,203103,2,12,203100,3,,RESEARCH_203100,RESEARCH_info_20004,29700,578212,67680,54096,11519,,10603,「行动力消耗降低」Lv.3
,203104,2,13,203100,4,,RESEARCH_203100,RESEARCH_info_20004,35100,702746,121680,96264,14524,,10604,「行动力消耗降低」Lv.4
,203105,2,14,203100,5,,RESEARCH_203100,RESEARCH_info_20004,43200,842016,186230,476784,19598,,10605,「行动力消耗降低」Lv.5
,204101,2,11,204100,1,,RESEARCH_204100,RESEARCH_info_20005,9900,117836,12322,2284,2907,,9301,「猎杀攻击加成」Lv.1
,204102,2,12,204100,2,,RESEARCH_204100,RESEARCH_info_20005,11700,144553,16920,13524,3684,,9302,「猎杀攻击加成」Lv.2
,204103,2,13,204100,3,,RESEARCH_204100,RESEARCH_info_20005,14400,175686,30420,24066,4628,,9303,「猎杀攻击加成」Lv.3
,204104,2,14,204100,4,,RESEARCH_204100,RESEARCH_info_20005,18000,210504,46557,119196,6121,,9304,「猎杀攻击加成」Lv.4
,204105,2,15,204100,5,,RESEARCH_204100,RESEARCH_info_20005,22500,248661,61920,186354,7615,,9305,「猎杀攻击加成」Lv.5
,204201,2,11,204200,1,,RESEARCH_204200,RESEARCH_info_20006,9900,117836,12322,2284,2907,,9201,「猎杀生命加成」Lv.1
,204202,2,12,204200,2,,RESEARCH_204200,RESEARCH_info_20006,11700,144553,16920,13524,3684,,9202,「猎杀生命加成」Lv.2
,204203,2,13,204200,3,,RESEARCH_204200,RESEARCH_info_20006,14400,175686,30420,24066,4628,,9203,「猎杀生命加成」Lv.3
,204204,2,14,204200,4,,RESEARCH_204200,RESEARCH_info_20006,18000,210504,46557,119196,6121,,9204,「猎杀生命加成」Lv.4
,204205,2,15,204200,5,,RESEARCH_204200,RESEARCH_info_20006,22500,248661,61920,186354,7615,,9205,「猎杀生命加成」Lv.5
,205101,2,12,205100,1,,RESEARCH_205100,RESEARCH_info_20007,25920,289106,33840,27048,6724,,9101,「猎杀伤害加成」Lv.1
,205102,2,13,205100,2,,RESEARCH_205100,RESEARCH_info_20007,32400,351373,60840,48132,8458,,9102,「猎杀伤害加成」Lv.2
,205103,2,14,205100,3,,RESEARCH_205100,RESEARCH_info_20007,40500,421008,93115,238392,11265,,9103,「猎杀伤害加成」Lv.3
,205104,2,15,205100,4,,RESEARCH_205100,RESEARCH_info_20007,50220,497323,123840,372708,14047,,9104,「猎杀伤害加成」Lv.4
,205105,2,16,205100,5,,RESEARCH_205100,RESEARCH_info_20007,61560,988231,147873,503328,18007,,9105,「猎杀伤害加成」Lv.5
,205201,2,12,205200,1,,RESEARCH_205200,RESEARCH_info_20008,14400,144553,16920,13524,3684,,9401,「猎杀防御加成」Lv.1
,205202,2,13,205200,2,,RESEARCH_205200,RESEARCH_info_20008,18000,175686,30420,24066,4628,,9402,「猎杀防御加成」Lv.2
,205203,2,14,205200,3,,RESEARCH_205200,RESEARCH_info_20008,22500,210504,46557,119196,6121,,9403,「猎杀防御加成」Lv.3
,205204,2,15,205200,4,,RESEARCH_205200,RESEARCH_info_20008,27900,248661,61920,186354,7615,,9404,「猎杀防御加成」Lv.4
,205205,2,16,205200,5,,RESEARCH_205200,RESEARCH_info_20008,34200,494115,73936,251664,9711,,9405,「猎杀防御加成」Lv.5
,206101,2,13,206100,1,,RESEARCH_206100,RESEARCH_info_20009,56250,527060,91260,72198,11889,,7801,「猎杀阵亡人数降低」Lv.1
,206102,2,14,206100,2,,RESEARCH_206100,RESEARCH_info_20009,69750,631512,139672,357588,15920,,7802,「猎杀阵亡人数降低」Lv.2
,206103,2,15,206100,3,,RESEARCH_206100,RESEARCH_info_20009,85500,745984,185760,559062,19888,,7803,「猎杀阵亡人数降低」Lv.3
,206104,2,16,206100,4,,RESEARCH_206100,RESEARCH_info_20009,103500,1482347,221810,754992,25596,,7804,「猎杀阵亡人数降低」Lv.4
,206105,2,17,206100,5,,RESEARCH_206100,RESEARCH_info_20009,123750,1829630,263736,923328,30588,,7805,「猎杀阵亡人数降低」Lv.5
,207101,2,14,207100,1,,RESEARCH_207100,RESEARCH_info_20001,27360,168403,37246,95356,4897,,1702,「猎杀行军速度」Lv.1
,207102,2,15,207100,2,,RESEARCH_207100,RESEARCH_info_20001,33120,198929,49536,149083,6092,,1704,「猎杀行军速度」Lv.2
,207103,2,16,207100,3,,RESEARCH_207100,RESEARCH_info_20001,39600,395292,59149,201331,7769,,1706,「猎杀行军速度」Lv.3
,207104,2,17,207100,4,,RESEARCH_207100,RESEARCH_info_20001,46800,487901,70329,246220,9272,,1707,「猎杀行军速度」Lv.4
,207105,2,18,207100,5,,RESEARCH_207100,RESEARCH_info_20001,54720,591654,88368,298166,10962,,1708,「猎杀行军速度」Lv.5
,207106,2,19,207100,6,,RESEARCH_207100,RESEARCH_info_20001,63360,707492,109132,358176,12832,,1709,「猎杀行军速度」Lv.6
,207107,2,20,207100,7,,RESEARCH_207100,RESEARCH_info_20001,72720,836751,195350,466099,15299,,1710,「猎杀行军速度」Lv.7
,207108,2,21,207100,8,,RESEARCH_207100,RESEARCH_info_20001,82080,889233,229920,472657,17018,,1711,「猎杀行军速度」Lv.8
,207109,2,22,207100,9,,RESEARCH_207100,RESEARCH_info_20001,91440,951118,269808,591790,19418,,1712,「猎杀行军速度」Lv.9
,207110,2,23,207100,10,,RESEARCH_207100,RESEARCH_info_20001,100800,969776,315763,733501,21947,,1713,「猎杀行军速度」Lv.10
,208101,2,16,208100,1,,RESEARCH_208100,RESEARCH_info_20002,74250,741173,110905,377496,14566,,10501,「行动力上限」Lv.1
,208102,2,17,208100,2,,RESEARCH_208100,RESEARCH_info_20002,87750,914815,131868,461664,17384,,10502,「行动力上限」Lv.2
,208103,2,18,208100,3,,RESEARCH_208100,RESEARCH_info_20002,102600,1109351,165690,559062,20553,,10503,「行动力上限」Lv.3
,208104,2,19,208100,4,,RESEARCH_208100,RESEARCH_info_20002,118800,1326548,204624,671580,24059,,10504,「行动力上限」Lv.4
,208105,2,20,208100,5,,RESEARCH_208100,RESEARCH_info_20002,136350,1568909,366282,873936,28684,,10505,「行动力上限」Lv.5
,208106,2,21,208100,6,,RESEARCH_208100,RESEARCH_info_20002,153900,1667312,431100,886233,31909,,10506,「行动力上限」Lv.6
,208107,2,22,208100,7,,RESEARCH_208100,RESEARCH_info_20002,171450,1783347,505890,1109606,36409,,10507,「行动力上限」Lv.7
,208108,2,23,208100,8,,RESEARCH_208100,RESEARCH_info_20002,189000,1818331,592056,1375315,41151,,10508,「行动力上限」Lv.8
,208109,2,24,208100,9,,RESEARCH_208100,RESEARCH_info_20002,206550,1880770,691470,1689408,46429,,10509,「行动力上限」Lv.9
,208110,2,25,208100,10,,RESEARCH_208100,RESEARCH_info_20002,224100,1921135,866880,2570400,54818,,10510,「行动力上限」Lv.10
,208201,2,16,208200,1,,RESEARCH_208200,RESEARCH_info_20005,49500,494115,73936,251664,9711,,9302,「猎杀攻击加成」Lv.1
,208202,2,17,208200,2,,RESEARCH_208200,RESEARCH_info_20005,58500,609876,87912,307776,11589,,9304,「猎杀攻击加成」Lv.2
,208203,2,18,208200,3,,RESEARCH_208200,RESEARCH_info_20005,68400,739567,110460,372708,13702,,9306,「猎杀攻击加成」Lv.3
,208204,2,19,208200,4,,RESEARCH_208200,RESEARCH_info_20005,79200,884365,136416,447720,16040,,9307,「猎杀攻击加成」Lv.4
,208205,2,20,208200,5,,RESEARCH_208200,RESEARCH_info_20005,90900,1045939,244188,582624,19123,,9308,「猎杀攻击加成」Lv.5
,208206,2,21,208200,6,,RESEARCH_208200,RESEARCH_info_20005,102600,1111541,287400,590822,21273,,9309,「猎杀攻击加成」Lv.6
,208207,2,22,208200,7,,RESEARCH_208200,RESEARCH_info_20005,114300,1188898,337260,739737,24273,,9310,「猎杀攻击加成」Lv.7
,208208,2,23,208200,8,,RESEARCH_208200,RESEARCH_info_20005,126000,1212220,394704,916876,27434,,9311,「猎杀攻击加成」Lv.8
,208209,2,24,208200,9,,RESEARCH_208200,RESEARCH_info_20005,137700,1253847,460980,1126272,30953,,9312,「猎杀攻击加成」Lv.9
,208210,2,25,208200,10,,RESEARCH_208200,RESEARCH_info_20005,149400,1280756,577920,1713600,36545,,9313,「猎杀攻击加成」Lv.10
,209101,2,18,209100,1,,RESEARCH_209100,RESEARCH_info_20003,136800,1848918,276150,931770,29369,,10901,「行动力恢复速度」Lv.1
,209102,2,19,209100,2,,RESEARCH_209100,RESEARCH_info_20003,158400,2210914,341040,1119300,34441,,10902,「行动力恢复速度」Lv.2
,209103,2,20,209100,3,,RESEARCH_209100,RESEARCH_info_20003,181800,2614849,610470,456560,41314,,10903,「行动力恢复速度」Lv.3
,209104,2,21,209100,4,,RESEARCH_209100,RESEARCH_info_20003,205200,1667312,431100,886233,42302,,10904,「行动力恢复速度」Lv.4
,209105,2,22,209100,5,,RESEARCH_209100,RESEARCH_info_20003,228600,1783347,505890,1109606,44766,,10905,「行动力恢复速度」Lv.5
,209106,2,23,209100,6,,RESEARCH_209100,RESEARCH_info_20003,252000,1818331,592056,1375315,50536,,10906,「行动力恢复速度」Lv.6
,209107,2,24,209100,7,,RESEARCH_209100,RESEARCH_info_20003,275400,1880770,691470,1689408,56907,,10907,「行动力恢复速度」Lv.7
,209108,2,25,209100,8,,RESEARCH_209100,RESEARCH_info_20003,298800,1921135,866880,2570400,66453,,10908,「行动力恢复速度」Lv.8
,209109,2,25,209100,9,,RESEARCH_209100,RESEARCH_info_20003,322560,1951152,990720,3084480,74301,,10909,「行动力恢复速度」Lv.9
,209110,2,25,209100,10,,RESEARCH_209100,RESEARCH_info_20003,346320,1981170,1114560,3495744,81916,,10910,「行动力恢复速度」Lv.10
,209201,2,18,209200,1,,RESEARCH_209200,RESEARCH_info_20006,68400,739567,110460,372708,13702,,9202,「猎杀生命加成」Lv.1
,209202,2,19,209200,2,,RESEARCH_209200,RESEARCH_info_20006,79200,884365,136416,447720,16040,,9204,「猎杀生命加成」Lv.2
,209203,2,20,209200,3,,RESEARCH_209200,RESEARCH_info_20006,90900,1045939,244188,582624,19123,,9206,「猎杀生命加成」Lv.3
,209204,2,21,209200,4,,RESEARCH_209200,RESEARCH_info_20006,102600,1111541,287400,590822,21273,,9207,「猎杀生命加成」Lv.4
,209205,2,22,209200,5,,RESEARCH_209200,RESEARCH_info_20006,114300,1188898,337260,739737,24273,,9208,「猎杀生命加成」Lv.5
,209206,2,23,209200,6,,RESEARCH_209200,RESEARCH_info_20006,126000,1212220,394704,916876,27434,,9209,「猎杀生命加成」Lv.6
,209207,2,24,209200,7,,RESEARCH_209200,RESEARCH_info_20006,137700,1253847,460980,1126272,30953,,9210,「猎杀生命加成」Lv.7
,209208,2,25,209200,8,,RESEARCH_209200,RESEARCH_info_20006,149400,1280756,577920,1713600,36545,,9211,「猎杀生命加成」Lv.8
,209209,2,25,209200,9,,RESEARCH_209200,RESEARCH_info_20006,161280,1300768,660480,2056320,40963,,9212,「猎杀生命加成」Lv.9
,209210,2,25,209200,10,,RESEARCH_209200,RESEARCH_info_20006,173160,1320780,743040,2330496,45182,,9213,「猎杀生命加成」Lv.10
,210101,2,20,210100,1,,RESEARCH_210100,RESEARCH_info_20004,272700,4183759,976752,930496,63505,,10601,「行动力消耗降低」Lv.1
,210102,2,21,210100,2,,RESEARCH_210100,RESEARCH_info_20004,307800,2223082,574800,1181644,64030,,10602,「行动力消耗降低」Lv.2
,210103,2,22,210100,3,,RESEARCH_210100,RESEARCH_info_20004,342900,2377796,674520,1479475,65259,,10603,「行动力消耗降低」Lv.3
,210104,2,23,210100,4,,RESEARCH_210100,RESEARCH_info_20004,378000,2424441,789408,1833753,73639,,10604,「行动力消耗降低」Lv.4
,210105,2,24,210100,5,,RESEARCH_210100,RESEARCH_info_20004,413100,2507694,921960,2252544,82862,,10605,「行动力消耗降低」Lv.5
,210106,2,25,210100,6,,RESEARCH_210100,RESEARCH_info_20004,448200,2561513,1155840,3427200,96362,,10606,「行动力消耗降低」Lv.6
,210107,2,25,210100,7,,RESEARCH_210100,RESEARCH_info_20004,483840,2601537,1320960,4112640,107639,,10607,「行动力消耗降低」Lv.7
,210108,2,25,210100,8,,RESEARCH_210100,RESEARCH_info_20004,519480,2641560,1486080,4660992,118650,,10608,「行动力消耗降低」Lv.8
,210109,2,25,210100,9,,RESEARCH_210100,RESEARCH_info_20004,555120,2681584,1651200,4935168,128740,,10609,「行动力消耗降低」Lv.9
,210110,2,25,210100,10,,RESEARCH_210100,RESEARCH_info_20004,590760,2721608,1816320,5072256,138564,,10610,「行动力消耗降低」Lv.10
,210201,2,20,210200,1,,RESEARCH_210200,RESEARCH_info_20008,90900,1045939,244188,582624,19123,,9402,「猎杀防御加成」Lv.1
,210202,2,21,210200,2,,RESEARCH_210200,RESEARCH_info_20008,102600,1111541,287400,590822,21273,,9404,「猎杀防御加成」Lv.2
,210203,2,22,210200,3,,RESEARCH_210200,RESEARCH_info_20008,114300,1188898,337260,739737,24273,,9406,「猎杀防御加成」Lv.3
,210204,2,23,210200,4,,RESEARCH_210200,RESEARCH_info_20008,126000,1212220,394704,916876,27434,,9407,「猎杀防御加成」Lv.4
,210205,2,24,210200,5,,RESEARCH_210200,RESEARCH_info_20008,137700,1253847,460980,1126272,30953,,9408,「猎杀防御加成」Lv.5
,210206,2,25,210200,6,,RESEARCH_210200,RESEARCH_info_20008,149400,1280756,577920,1713600,36545,,9409,「猎杀防御加成」Lv.6
,210207,2,25,210200,7,,RESEARCH_210200,RESEARCH_info_20008,161280,1300768,660480,2056320,40963,,9410,「猎杀防御加成」Lv.7
,210208,2,25,210200,8,,RESEARCH_210200,RESEARCH_info_20008,173160,1320780,743040,2330496,45182,,9411,「猎杀防御加成」Lv.8
,210209,2,25,210200,9,,RESEARCH_210200,RESEARCH_info_20008,185040,1340792,825600,2467584,48878,,9412,「猎杀防御加成」Lv.9
,210210,2,25,210200,10,,RESEARCH_210200,RESEARCH_info_20008,196920,1360804,908160,2536128,52375,,9413,「猎杀防御加成」Lv.10
,211101,2,22,211100,1,,RESEARCH_211100,RESEARCH_info_20009,285750,1664457,472164,1035632,52367,,7801,「猎杀阵亡人数降低」Lv.1
,211102,2,23,211100,2,,RESEARCH_211100,RESEARCH_info_20009,315000,1697109,552585,1283627,59056,,7802,「猎杀阵亡人数降低」Lv.2
,211103,2,24,211100,3,,RESEARCH_211100,RESEARCH_info_20009,344250,1755386,645372,1576780,66386,,7803,「猎杀阵亡人数降低」Lv.3
,211104,2,25,211100,4,,RESEARCH_211100,RESEARCH_info_20009,373500,1793059,809088,2399040,76762,,7804,「猎杀阵亡人数降低」Lv.4
,211105,2,25,211100,5,,RESEARCH_211100,RESEARCH_info_20009,403200,1821075,924672,2878848,85633,,7805,「猎杀阵亡人数降低」Lv.5
,211106,2,25,211100,6,,RESEARCH_211100,RESEARCH_info_20009,432900,1849092,1040256,3262694,94369,,7806,「猎杀阵亡人数降低」Lv.6
,211107,2,25,211100,7,,RESEARCH_211100,RESEARCH_info_20009,462600,1877109,1155840,3454617,102513,,7807,「猎杀阵亡人数降低」Lv.7
,211108,2,25,211100,8,,RESEARCH_211100,RESEARCH_info_20009,492300,1905125,1271424,3550579,110521,,7808,「猎杀阵亡人数降低」Lv.8
,211109,2,25,211100,9,,RESEARCH_211100,RESEARCH_info_20009,522000,1933142,1317657,3646540,118602,,7809,「猎杀阵亡人数降低」Lv.9
,211110,2,25,211100,10,,RESEARCH_211100,RESEARCH_info_20009,551700,1961158,1340774,3742502,126923,,7810,「猎杀阵亡人数降低」Lv.10
,212101,2,25,212100,1,,RESEARCH_212100,RESEARCH_info_20007,268920,1536908,693504,2056320,57817,,9102,「猎杀伤害加成」Lv.1
,212102,2,25,212100,2,,RESEARCH_212100,RESEARCH_info_20007,290304,1560922,792576,2467584,64584,,9104,「猎杀伤害加成」Lv.2
,212103,2,25,212100,3,,RESEARCH_212100,RESEARCH_info_20007,311688,1584936,891648,2796595,71190,,9106,「猎杀伤害加成」Lv.3
,212104,2,25,212100,4,,RESEARCH_212100,RESEARCH_info_20007,333072,1608950,990720,2961100,77244,,9107,「猎杀伤害加成」Lv.4
,212105,2,25,212100,5,,RESEARCH_212100,RESEARCH_info_20007,354456,1632964,1089792,3043353,83138,,9108,「猎杀伤害加成」Lv.5
,212106,2,25,212100,6,,RESEARCH_212100,RESEARCH_info_20007,375840,1656979,1129420,3125606,89052,,9109,「猎杀伤害加成」Lv.6
,212107,2,25,212100,7,,RESEARCH_212100,RESEARCH_info_20007,397224,1680993,1149235,3207859,95126,,9110,「猎杀伤害加成」Lv.7
,212108,2,25,212100,8,,RESEARCH_212100,RESEARCH_info_20007,419256,1705007,1169049,3290112,101431,,9111,「猎杀伤害加成」Lv.8
,212109,2,25,212100,9,,RESEARCH_212100,RESEARCH_info_20007,441288,1729021,1188864,3372364,107968,,9112,「猎杀伤害加成」Lv.9
,212110,2,25,212100,10,,RESEARCH_212100,RESEARCH_info_20007,463320,1753035,1208678,3454617,114736,,9113,「猎杀伤害加成」Lv.10
,301101,3,1,301100,1,,RESEARCH_301100,RESEARCH_info_30001,48,632,0,0,9,,201,「粮食生产速度」Lv.1
,301102,3,2,301100,2,,RESEARCH_301100,RESEARCH_info_30001,240,858,0,0,37,,202,「粮食生产速度」Lv.2
,301103,3,3,301100,3,,RESEARCH_301100,RESEARCH_info_30001,720,1447,0,0,107,,203,「粮食生产速度」Lv.3
,301104,3,4,301100,4,,RESEARCH_301100,RESEARCH_info_30001,1440,1891,0,0,211,,204,「粮食生产速度」Lv.4
,301105,3,5,301100,5,,RESEARCH_301100,RESEARCH_info_30001,2880,2420,292,0,419,,205,「粮食生产速度」Lv.5
,301201,3,1,301200,1,,RESEARCH_301200,RESEARCH_info_30002,48,632,0,0,9,,401,「玛娜生产速度」Lv.1
,301202,3,2,301200,2,,RESEARCH_301200,RESEARCH_info_30002,240,858,0,0,37,,402,「玛娜生产速度」Lv.2
,301203,3,3,301200,3,,RESEARCH_301200,RESEARCH_info_30002,720,1447,0,0,107,,403,「玛娜生产速度」Lv.3
,301204,3,4,301200,4,,RESEARCH_301200,RESEARCH_info_30002,1440,1891,0,0,211,,404,「玛娜生产速度」Lv.4
,301205,3,5,301200,5,,RESEARCH_301200,RESEARCH_info_30002,2880,2420,292,0,419,,405,「玛娜生产速度」Lv.5
,302101,3,5,302100,1,,RESEARCH_302100,RESEARCH_info_30003,270,2723,329,0,471,,1101,「木材生产速度」Lv.1
,302102,3,6,302100,2,,RESEARCH_302100,RESEARCH_info_30003,810,4811,648,0,786,,1102,「木材生产速度」Lv.2
,302103,3,7,302100,3,,RESEARCH_302100,RESEARCH_info_30003,1620,6583,2162,0,1181,,1103,「木材生产速度」Lv.3
,302104,3,8,302100,4,,RESEARCH_302100,RESEARCH_info_30003,3240,62723,3296,0,1434,,1104,「木材生产速度」Lv.4
,302105,3,9,302100,5,,RESEARCH_302100,RESEARCH_info_30003,5400,76131,6786,0,1710,,1105,「木材生产速度」Lv.5
,303101,3,6,303100,1,,RESEARCH_303100,RESEARCH_info_30004,900,2673,360,0,437,,601,「粮食储存量」Lv.1
,303102,3,7,303100,2,,RESEARCH_303100,RESEARCH_info_30004,1800,3657,1201,0,656,,602,「粮食储存量」Lv.2
,303103,3,8,303100,3,,RESEARCH_303100,RESEARCH_info_30004,3000,34846,1831,0,797,,603,「粮食储存量」Lv.3
,303104,3,9,303100,4,,RESEARCH_303100,RESEARCH_info_30004,4500,42295,3770,0,950,,604,「粮食储存量」Lv.4
,303105,3,10,303100,5,,RESEARCH_303100,RESEARCH_info_30004,4950,49641,8028,348,1178,,605,「粮食储存量」Lv.5
,303201,3,6,303200,1,,RESEARCH_303200,RESEARCH_info_30005,1080,3207,432,0,524,,1201,「木材储存量」Lv.1
,303202,3,7,303200,2,,RESEARCH_303200,RESEARCH_info_30005,2160,4388,1441,0,788,,1202,「木材储存量」Lv.2
,303203,3,8,303200,3,,RESEARCH_303200,RESEARCH_info_30005,3600,41815,2197,0,956,,1203,「木材储存量」Lv.3
,303204,3,9,303200,4,,RESEARCH_303200,RESEARCH_info_30005,5400,50754,4524,0,1140,,1204,「木材储存量」Lv.4
,303205,3,10,303200,5,,RESEARCH_303200,RESEARCH_info_30005,5940,59569,9633,417,1413,,1205,「木材储存量」Lv.5
,304101,3,7,304100,1,,RESEARCH_304100,RESEARCH_info_30006,12000,14629,4804,0,2624,,801,「玛娜储存量」Lv.1
,304102,3,8,304100,2,,RESEARCH_304100,RESEARCH_info_30006,18000,139384,7324,0,3187,,802,「玛娜储存量」Lv.2
,304103,3,9,304100,3,,RESEARCH_304100,RESEARCH_info_30006,19800,169181,15081,0,3800,,803,「玛娜储存量」Lv.3
,304104,3,10,304100,4,,RESEARCH_304100,RESEARCH_info_30006,23400,198565,32112,1392,4709,,804,「玛娜储存量」Lv.4
,304105,3,11,304100,5,,RESEARCH_304100,RESEARCH_info_30006,28800,252506,49291,3264,5936,,805,「玛娜储存量」Lv.5
,305101,3,8,305100,1,,RESEARCH_305100,RESEARCH_info_30007,9900,69692,3662,0,1594,,9501,「粮食采集速度」Lv.1
,305102,3,9,305100,2,,RESEARCH_305100,RESEARCH_info_30007,11700,84590,7540,0,1900,,9502,「粮食采集速度」Lv.2
,305103,3,10,305100,3,,RESEARCH_305100,RESEARCH_info_30007,14400,99282,16056,696,2355,,9503,「粮食采集速度」Lv.3
,305104,3,11,305100,4,,RESEARCH_305100,RESEARCH_info_30007,18000,126253,24645,1632,2968,,9504,「粮食采集速度」Lv.4
,305105,3,12,305100,5,,RESEARCH_305100,RESEARCH_info_30007,22500,154878,33840,9660,3750,,9505,「粮食采集速度」Lv.5
,305201,3,10,305200,1,,RESEARCH_305200,RESEARCH_info_30008,9900,69692,3662,0,1594,,301,「铁材生产速度」Lv.1
,305202,3,10,305200,2,,RESEARCH_305200,RESEARCH_info_30008,11700,84590,7540,0,1900,,302,「铁材生产速度」Lv.2
,305203,3,10,305200,3,,RESEARCH_305200,RESEARCH_info_30008,14400,99282,16056,696,2355,,303,「铁材生产速度」Lv.3
,305204,3,11,305200,4,,RESEARCH_305200,RESEARCH_info_30008,18000,126253,24645,1632,2968,,304,「铁材生产速度」Lv.4
,305205,3,12,305200,5,,RESEARCH_305200,RESEARCH_info_30008,22500,154878,33840,9660,3750,,305,「铁材生产速度」Lv.5
,306101,3,9,306100,1,,RESEARCH_306100,RESEARCH_info_30009,15840,93049,8294,0,2090,,1801,「木材采集速度」Lv.1
,306102,3,10,306100,2,,RESEARCH_306100,RESEARCH_info_30009,19800,109210,17661,765,2590,,1802,「木材采集速度」Lv.2
,306103,3,11,306100,3,,RESEARCH_306100,RESEARCH_info_30009,24750,138878,27110,1795,3265,,1803,「木材采集速度」Lv.3
,306104,3,12,306100,4,,RESEARCH_306100,RESEARCH_info_30009,30690,170366,37224,10626,4125,,1804,「木材采集速度」Lv.4
,306105,3,13,306100,5,,RESEARCH_306100,RESEARCH_info_30009,37620,207059,66924,18909,5207,,1805,「木材采集速度」Lv.5
,306201,3,10,306200,1,,RESEARCH_306200,RESEARCH_info_30010,17280,101508,9048,0,2280,,2301,「铁材采集速度」Lv.1
,306202,3,10,306200,2,,RESEARCH_306200,RESEARCH_info_30010,21600,119139,19267,835,2826,,2302,「铁材采集速度」Lv.2
,306203,3,11,306200,3,,RESEARCH_306200,RESEARCH_info_30010,27000,151504,29574,1958,3562,,2303,「铁材采集速度」Lv.3
,306204,3,12,306200,4,,RESEARCH_306200,RESEARCH_info_30010,33480,185854,40608,11592,4500,,2304,「铁材采集速度」Lv.4
,306205,3,13,306200,5,,RESEARCH_306200,RESEARCH_info_30010,41040,225882,73008,20628,5680,,2305,「铁材采集速度」Lv.5
,307101,3,11,307100,1,,RESEARCH_307100,RESEARCH_info_30011,23940,88377,17251,1142,2078,,701,「铁材储存量」Lv.1
,307102,3,12,307100,2,,RESEARCH_307100,RESEARCH_info_30011,28980,108414,23688,6762,2625,,702,「铁材储存量」Lv.2
,307103,3,13,307100,3,,RESEARCH_307100,RESEARCH_info_30011,34650,131765,42588,12033,3314,,703,「铁材储存量」Lv.3
,307104,3,14,307100,4,,RESEARCH_307100,RESEARCH_info_30011,40950,157878,65180,59598,4313,,704,「铁材储存量」Lv.4
,307105,3,15,307100,5,,RESEARCH_307100,RESEARCH_info_30011,47880,186496,86688,93177,5338,,705,「铁材储存量」Lv.5
,308101,3,13,308100,1,,RESEARCH_308100,RESEARCH_info_30001,39600,150588,48672,13752,3787,,202,「粮食生产速度」Lv.1
,308102,3,14,308100,2,,RESEARCH_308100,RESEARCH_info_30001,46800,180432,74492,68112,4929,,204,「粮食生产速度」Lv.2
,308103,3,15,308100,3,,RESEARCH_308100,RESEARCH_info_30001,54720,213138,99072,106488,6100,,206,「粮食生产速度」Lv.3
,308104,3,16,308100,4,,RESEARCH_308100,RESEARCH_info_30001,63360,423527,118298,143808,7773,,207,「粮食生产速度」Lv.4
,308105,3,17,308100,5,,RESEARCH_308100,RESEARCH_info_30001,72720,522751,140659,175872,9271,,208,「粮食生产速度」Lv.5
,308106,3,18,308100,6,,RESEARCH_308100,RESEARCH_info_30001,82800,633915,176736,212976,10972,,209,「粮食生产速度」Lv.6
,308107,3,19,308100,7,,RESEARCH_308100,RESEARCH_info_30001,93600,758027,218265,255840,12855,,210,「粮食生产速度」Lv.7
,308108,3,20,308100,8,,RESEARCH_308100,RESEARCH_info_30001,105120,896519,390700,332928,15504,,211,「粮食生产速度」Lv.8
,308109,3,21,308100,9,,RESEARCH_308100,RESEARCH_info_30001,82080,952749,459840,405135,17669,,212,「粮食生产速度」Lv.9
,308110,3,22,308100,10,,RESEARCH_308100,RESEARCH_info_30001,91440,1019055,539616,507248,20141,,213,「粮食生产速度」Lv.10
,308201,3,13,308200,1,,RESEARCH_308200,RESEARCH_info_30003,44550,169412,54756,15471,4260,,1102,「木材生产速度」Lv.1
,308202,3,14,308200,2,,RESEARCH_308200,RESEARCH_info_30003,52650,202986,83803,76626,5545,,1104,「木材生产速度」Lv.2
,308203,3,15,308200,3,,RESEARCH_308200,RESEARCH_info_30003,61560,239780,111456,119799,6863,,1106,「木材生产速度」Lv.3
,308204,3,16,308200,4,,RESEARCH_308200,RESEARCH_info_30003,71280,476468,133086,161784,8745,,1107,「木材生产速度」Lv.4
,308205,3,17,308200,5,,RESEARCH_308200,RESEARCH_info_30003,81810,588095,158241,197856,10429,,1108,「木材生产速度」Lv.5
,308206,3,18,308200,6,,RESEARCH_308200,RESEARCH_info_30003,93150,713154,198828,239598,12344,,1109,「木材生产速度」Lv.6
,308207,3,19,308200,7,,RESEARCH_308200,RESEARCH_info_30003,105300,852781,245548,287820,14461,,1110,「木材生产速度」Lv.7
,308208,3,20,308200,8,,RESEARCH_308200,RESEARCH_info_30003,118260,1008584,439538,374544,17442,,1111,「木材生产速度」Lv.8
,308209,3,21,308200,9,,RESEARCH_308200,RESEARCH_info_30003,92340,1071843,517320,455777,19878,,1112,「木材生产速度」Lv.9
,308210,3,22,308200,10,,RESEARCH_308200,RESEARCH_info_30003,102870,1146437,607068,570654,22658,,1113,「木材生产速度」Lv.10
,309101,3,15,309100,1,,RESEARCH_309100,RESEARCH_info_30002,54720,213138,99072,106488,6100,,402,「玛娜生产速度」Lv.1
,309102,3,16,309100,2,,RESEARCH_309100,RESEARCH_info_30002,63360,423527,118298,143808,7773,,404,「玛娜生产速度」Lv.2
,309103,3,17,309100,3,,RESEARCH_309100,RESEARCH_info_30002,72720,522751,140659,175872,9271,,406,「玛娜生产速度」Lv.3
,309104,3,18,309100,4,,RESEARCH_309100,RESEARCH_info_30002,82800,633915,176736,212976,10972,,407,「玛娜生产速度」Lv.4
,309105,3,19,309100,5,,RESEARCH_309100,RESEARCH_info_30002,93600,758027,218265,255840,12855,,408,「玛娜生产速度」Lv.5
,309106,3,20,309100,6,,RESEARCH_309100,RESEARCH_info_30002,105120,896519,390700,332928,15504,,409,「玛娜生产速度」Lv.6
,309107,3,21,309100,7,,RESEARCH_309100,RESEARCH_info_30002,82080,952749,459840,405135,17669,,410,「玛娜生产速度」Lv.7
,309108,3,22,309100,8,,RESEARCH_309100,RESEARCH_info_30002,91440,1019055,539616,507248,20141,,411,「玛娜生产速度」Lv.8
,309109,3,23,309100,9,,RESEARCH_309100,RESEARCH_info_30002,100800,1039046,631526,628715,22741,,412,「玛娜生产速度」Lv.9
,309110,3,24,309100,10,,RESEARCH_309100,RESEARCH_info_30002,110160,1074726,737568,772300,25637,,413,「玛娜生产速度」Lv.10
,309201,3,15,309200,1,,RESEARCH_309200,RESEARCH_info_30008,68400,266423,123840,133110,7625,,302,「铁材生产速度」Lv.1
,309202,3,16,309200,2,,RESEARCH_309200,RESEARCH_info_30008,79200,529409,147873,179760,9717,,304,「铁材生产速度」Lv.2
,309203,3,17,309200,3,,RESEARCH_309200,RESEARCH_info_30008,90900,653439,175824,219840,11588,,306,「铁材生产速度」Lv.3
,309204,3,18,309200,4,,RESEARCH_309200,RESEARCH_info_30008,103500,792393,220920,266220,13715,,307,「铁材生产速度」Lv.4
,309205,3,19,309200,5,,RESEARCH_309200,RESEARCH_info_30008,117000,947534,272832,319800,16068,,308,「铁材生产速度」Lv.5
,309206,3,20,309200,6,,RESEARCH_309200,RESEARCH_info_30008,131400,1120649,488376,416160,19380,,309,「铁材生产速度」Lv.6
,309207,3,21,309200,7,,RESEARCH_309200,RESEARCH_info_30008,102600,1190937,574800,506419,22086,,310,「铁材生产速度」Lv.7
,309208,3,22,309200,8,,RESEARCH_309200,RESEARCH_info_30008,114300,1273819,674520,634060,25176,,311,「铁材生产速度」Lv.8
,309209,3,23,309200,9,,RESEARCH_309200,RESEARCH_info_30008,126000,1298808,789408,785894,28426,,312,「铁材生产速度」Lv.9
,309210,3,24,309200,10,,RESEARCH_309200,RESEARCH_info_30008,137700,1343407,921960,965376,32046,,313,「铁材生产速度」Lv.10
,310101,3,17,310100,1,,RESEARCH_310100,RESEARCH_info_30006,181800,306879,351648,239680,23176,,802,「玛娜储存量」Lv.1
,310102,3,18,310100,2,,RESEARCH_310100,RESEARCH_info_30006,207000,584787,441840,332440,27430,,804,「玛娜储存量」Lv.2
,310103,3,19,310100,3,,RESEARCH_310100,RESEARCH_info_30006,234000,895069,545664,439600,32136,,806,「玛娜储存量」Lv.3
,310104,3,20,310100,4,,RESEARCH_310100,RESEARCH_info_30006,262800,1241299,676752,532320,38760,,807,「玛娜储存量」Lv.4
,310105,3,21,310100,5,,RESEARCH_310100,RESEARCH_info_30006,205200,1548218,747240,658344,39062,,808,「玛娜储存量」Lv.5
,310106,3,22,310100,6,,RESEARCH_310100,RESEARCH_info_30006,228600,1655965,876876,824279,44429,,809,「玛娜储存量」Lv.6
,310107,3,23,310100,7,,RESEARCH_310100,RESEARCH_info_30006,252000,1688450,1026230,1021662,50094,,810,「玛娜储存量」Lv.7
,310108,3,24,310100,8,,RESEARCH_310100,RESEARCH_info_30006,275400,1746429,1198548,1254988,56330,,811,「玛娜储存量」Lv.8
,310109,3,25,310100,9,,RESEARCH_310100,RESEARCH_info_30006,298800,1783911,1502592,1909440,65250,,812,「玛娜储存量」Lv.9
,310110,3,25,310100,10,,RESEARCH_310100,RESEARCH_info_30006,322560,1811784,1717248,2291328,72787,,813,「玛娜储存量」Lv.10
,311101,3,19,311100,1,,RESEARCH_311100,RESEARCH_info_30007,103500,947534,272832,319800,16068,,9502,「粮食采集速度」Lv.1
,311102,3,20,311100,2,,RESEARCH_311100,RESEARCH_info_30007,117000,1120649,488376,416160,19380,,9504,「粮食采集速度」Lv.2
,311103,3,21,311100,3,,RESEARCH_311100,RESEARCH_info_30007,102600,1190937,574800,506419,22086,,9506,「粮食采集速度」Lv.3
,311104,3,22,311100,4,,RESEARCH_311100,RESEARCH_info_30007,114300,1273819,674520,634060,25176,,9507,「粮食采集速度」Lv.4
,311105,3,23,311100,5,,RESEARCH_311100,RESEARCH_info_30007,126000,1298808,789408,785894,28426,,9508,「粮食采集速度」Lv.5
,311106,3,24,311100,6,,RESEARCH_311100,RESEARCH_info_30007,137700,1343407,921960,965376,32046,,9509,「粮食采集速度」Lv.6
,311107,3,25,311100,7,,RESEARCH_311100,RESEARCH_info_30007,149400,1372239,1155840,1468800,37661,,9510,「粮食采集速度」Lv.7
,311108,3,25,311100,8,,RESEARCH_311100,RESEARCH_info_30007,161280,1393680,1320960,1762560,42144,,9511,「粮食采集速度」Lv.8
,311109,3,25,311100,9,,RESEARCH_311100,RESEARCH_info_30007,173160,1415121,1486080,1997568,46475,,9512,「粮食采集速度」Lv.9
,311110,3,25,311100,10,,RESEARCH_311100,RESEARCH_info_30007,185040,1436563,1651200,2115072,50376,,9513,「粮食采集速度」Lv.10
,311201,3,19,311200,1,,RESEARCH_311200,RESEARCH_info_30009,113850,1042288,300115,351780,17675,,1802,「木材采集速度」Lv.1
,311202,3,20,311200,2,,RESEARCH_311200,RESEARCH_info_30009,128700,1232714,537213,457776,21318,,1804,「木材采集速度」Lv.2
,311203,3,21,311200,3,,RESEARCH_311200,RESEARCH_info_30009,112860,1310030,632280,557061,24295,,1806,「木材采集速度」Lv.3
,311204,3,22,311200,4,,RESEARCH_311200,RESEARCH_info_30009,125730,1401201,741972,697466,27694,,1807,「木材采集速度」Lv.4
,311205,3,23,311200,5,,RESEARCH_311200,RESEARCH_info_30009,138600,1428688,868348,864483,31269,,1808,「木材采集速度」Lv.5
,311206,3,24,311200,6,,RESEARCH_311200,RESEARCH_info_30009,151470,1477748,1014156,1061913,35251,,1809,「木材采集速度」Lv.6
,311207,3,25,311200,7,,RESEARCH_311200,RESEARCH_info_30009,164340,1509463,1271424,1615680,41428,,1810,「木材采集速度」Lv.7
,311208,3,25,311200,8,,RESEARCH_311200,RESEARCH_info_30009,177408,1533048,1453056,1938816,46358,,1811,「木材采集速度」Lv.8
,311209,3,25,311200,9,,RESEARCH_311200,RESEARCH_info_30009,190476,1556634,1634688,2197324,51123,,1812,「木材采集速度」Lv.9
,311210,3,25,311200,10,,RESEARCH_311200,RESEARCH_info_30009,203544,1580219,1816320,2326579,55413,,1813,「木材采集速度」Lv.10
,311301,3,19,311300,1,,RESEARCH_311300,RESEARCH_info_30010,124200,1137041,327398,383760,19282,,2302,「铁材采集速度」Lv.1
,311302,3,20,311300,2,,RESEARCH_311300,RESEARCH_info_30010,140400,1344779,586051,499392,23256,,2304,「铁材采集速度」Lv.2
,311303,3,21,311300,3,,RESEARCH_311300,RESEARCH_info_30010,123120,1429124,689760,607703,26503,,2306,「铁材采集速度」Lv.3
,311304,3,22,311300,4,,RESEARCH_311300,RESEARCH_info_30010,137160,1528583,809424,760872,30211,,2307,「铁材采集速度」Lv.4
,311305,3,23,311300,5,,RESEARCH_311300,RESEARCH_info_30010,151200,1558569,947289,943073,34111,,2308,「铁材采集速度」Lv.5
,311306,3,24,311300,6,,RESEARCH_311300,RESEARCH_info_30010,165240,1612089,1106352,1158451,38455,,2309,「铁材采集速度」Lv.6
,311307,3,25,311300,7,,RESEARCH_311300,RESEARCH_info_30010,179280,1646687,1387008,1762560,45194,,2310,「铁材采集速度」Lv.7
,311308,3,25,311300,8,,RESEARCH_311300,RESEARCH_info_30010,193536,1672416,1585152,2115072,50573,,2311,「铁材采集速度」Lv.8
,311309,3,25,311300,9,,RESEARCH_311300,RESEARCH_info_30010,207792,1698146,1783296,2397081,55770,,2312,「铁材采集速度」Lv.9
,311310,3,25,311300,10,,RESEARCH_311300,RESEARCH_info_30010,222048,1723875,1981440,2538086,60451,,2313,「铁材采集速度」Lv.10
,312101,3,22,312100,1,,RESEARCH_312100,RESEARCH_info_30004,57150,636909,337260,317030,12588,,602,「粮食储存量」Lv.1
,312102,3,23,312100,2,,RESEARCH_312100,RESEARCH_info_30004,63000,649404,394704,392947,14213,,604,「粮食储存量」Lv.2
,312103,3,24,312100,3,,RESEARCH_312100,RESEARCH_info_30004,68850,671703,460980,482688,16023,,606,「粮食储存量」Lv.3
,312104,3,25,312100,4,,RESEARCH_312100,RESEARCH_info_30004,74700,686119,577920,734400,18831,,607,「粮食储存量」Lv.4
,312105,3,25,312100,5,,RESEARCH_312100,RESEARCH_info_30004,80640,696840,660480,881280,21072,,608,「粮食储存量」Lv.5
,312106,3,25,312100,6,,RESEARCH_312100,RESEARCH_info_30004,86580,707560,743040,998784,23238,,609,「粮食储存量」Lv.6
,312107,3,25,312100,7,,RESEARCH_312100,RESEARCH_info_30004,92520,718281,825600,1057536,25188,,610,「粮食储存量」Lv.7
,312108,3,25,312100,8,,RESEARCH_312100,RESEARCH_info_30004,98460,729002,908160,1086912,27063,,611,「粮食储存量」Lv.8
,312109,3,25,312100,9,,RESEARCH_312100,RESEARCH_info_30004,104400,739722,941184,1116288,28824,,612,「粮食储存量」Lv.9
,312110,3,25,312100,10,,RESEARCH_312100,RESEARCH_info_30004,110340,750443,957696,1145664,30592,,613,「粮食储存量」Lv.10
,312201,3,22,312200,1,,RESEARCH_312200,RESEARCH_info_30005,68580,764291,404712,380436,15106,,1202,「木材储存量」Lv.1
,312202,3,23,312200,2,,RESEARCH_312200,RESEARCH_info_30005,75600,779284,473644,471536,17056,,1204,「木材储存量」Lv.2
,312203,3,24,312200,3,,RESEARCH_312200,RESEARCH_info_30005,82620,806044,553176,579225,19228,,1206,「木材储存量」Lv.3
,312204,3,25,312200,4,,RESEARCH_312200,RESEARCH_info_30005,89640,823343,693504,881280,22597,,1207,「木材储存量」Lv.4
,312205,3,25,312200,5,,RESEARCH_312200,RESEARCH_info_30005,96768,836208,792576,1057536,25287,,1208,「木材储存量」Lv.5
,312206,3,25,312200,6,,RESEARCH_312200,RESEARCH_info_30005,103896,849073,891648,1198540,27885,,1209,「木材储存量」Lv.6
,312207,3,25,312200,7,,RESEARCH_312200,RESEARCH_info_30005,111024,861937,990720,1269043,30226,,1210,「木材储存量」Lv.7
,312208,3,25,312200,8,,RESEARCH_312200,RESEARCH_info_30005,118152,874802,1089792,1304294,32475,,1211,「木材储存量」Lv.8
,312209,3,25,312200,9,,RESEARCH_312200,RESEARCH_info_30005,125280,887667,1129420,1339545,34589,,1212,「木材储存量」Lv.9
,312210,3,25,312200,10,,RESEARCH_312200,RESEARCH_info_30005,132408,900532,1149235,1374796,36710,,1213,「木材储存量」Lv.10
,312301,3,22,312300,1,,RESEARCH_312300,RESEARCH_info_30011,80010,891673,472164,443842,17623,,702,「铁材储存量」Lv.1
,312302,3,23,312300,2,,RESEARCH_312300,RESEARCH_info_30011,88200,909165,552585,550126,19898,,704,「铁材储存量」Lv.2
,312303,3,24,312300,3,,RESEARCH_312300,RESEARCH_info_30011,96390,940385,645372,675763,22432,,706,「铁材储存量」Lv.3
,312304,3,25,312300,4,,RESEARCH_312300,RESEARCH_info_30011,104580,960567,809088,1028160,26363,,707,「铁材储存量」Lv.4
,312305,3,25,312300,5,,RESEARCH_312300,RESEARCH_info_30011,112896,975576,924672,1233792,29501,,708,「铁材储存量」Lv.5
,312306,3,25,312300,6,,RESEARCH_312300,RESEARCH_info_30011,121212,990585,1040256,1398297,32533,,709,「铁材储存量」Lv.6
,312307,3,25,312300,7,,RESEARCH_312300,RESEARCH_info_30011,129528,1005594,1155840,1480550,35263,,710,「铁材储存量」Lv.7
,312308,3,25,312300,8,,RESEARCH_312300,RESEARCH_info_30011,137844,1020603,1271424,1521676,37887,,711,「铁材储存量」Lv.8
,312309,3,25,312300,9,,RESEARCH_312300,RESEARCH_info_30011,146160,1035611,1317657,1562803,40354,,712,「铁材储存量」Lv.9
,312310,3,25,312300,10,,RESEARCH_312300,RESEARCH_info_30011,154476,1050620,1340774,1603929,42828,,713,「铁材储存量」Lv.10
,401101,4,8,401100,1,,RESEARCH_401100,RESEARCH_info_40001,60,46461,915,0,1529,,3401,「行军速度」Lv.1
,401102,4,9,401100,2,,RESEARCH_401100,RESEARCH_info_40001,300,56393,1885,0,1813,,3402,「行军速度」Lv.2
,401103,4,10,401100,3,,RESEARCH_401100,RESEARCH_info_40001,900,66188,4014,1670,2238,,3403,「行军速度」Lv.3
,401104,4,11,401100,4,,RESEARCH_401100,RESEARCH_info_40001,1800,84168,6161,3916,2813,,3404,「行军速度」Lv.4
,401105,4,12,401100,5,,RESEARCH_401100,RESEARCH_info_40001,3600,103252,8460,23184,3601,,3405,「行军速度」Lv.5
,402101,4,8,402100,1,,RESEARCH_402100,RESEARCH_info_40002,900,60400,1190,0,1563,,5501,「步兵攻击力加成」Lv.1
,402102,4,9,402100,2,,RESEARCH_402100,RESEARCH_info_40002,1800,73311,2450,0,1855,,5502,「步兵攻击力加成」Lv.2
,402103,4,10,402100,3,,RESEARCH_402100,RESEARCH_info_40002,3600,86044,5218,2171,2291,,5503,「步兵攻击力加成」Lv.3
,402201,4,8,402200,1,,RESEARCH_402200,RESEARCH_info_40003,900,60400,1190,0,1563,,5901,「骑兵攻击力加成」Lv.1
,402202,4,9,402200,2,,RESEARCH_402200,RESEARCH_info_40003,1800,73311,2450,0,1855,,5902,「骑兵攻击力加成」Lv.2
,402203,4,10,402200,3,,RESEARCH_402200,RESEARCH_info_40003,3600,86044,5218,2171,2291,,5903,「骑兵攻击力加成」Lv.3
,402301,4,8,402300,1,,RESEARCH_402300,RESEARCH_info_40004,900,60400,1190,0,1563,,6301,「弓兵攻击力加成」Lv.1
,402302,4,9,402300,2,,RESEARCH_402300,RESEARCH_info_40004,1800,73311,2450,0,1855,,6302,「弓兵攻击力加成」Lv.2
,402303,4,10,402300,3,,RESEARCH_402300,RESEARCH_info_40004,3600,86044,5218,2171,2291,,6303,「弓兵攻击力加成」Lv.3
,403101,4,9,403100,1,,RESEARCH_403100,RESEARCH_info_40005,10800,169181,5655,0,5438,,7001,「部队规模上限」Lv.1
,403102,4,10,403100,2,,RESEARCH_403100,RESEARCH_info_40005,18000,198565,12042,5011,6712,,7002,「部队规模上限」Lv.2
,403103,4,11,403100,3,,RESEARCH_403100,RESEARCH_info_40005,27000,252506,18484,11750,8438,,7003,「部队规模上限」Lv.3
,403104,4,12,403100,4,,RESEARCH_403100,RESEARCH_info_40005,29700,309756,25380,69552,10803,,7004,「部队规模上限」Lv.4
,403105,4,13,403100,5,,RESEARCH_403100,RESEARCH_info_40005,35100,376471,45630,123768,13606,,7005,「部队规模上限」Lv.5
,404101,4,10,404100,1,,RESEARCH_404100,RESEARCH_info_40006,9000,79426,4816,2004,2273,,5601,「步兵防御力加成」Lv.1
,404102,4,11,404100,2,,RESEARCH_404100,RESEARCH_info_40006,9900,101002,7393,4700,2861,,5602,「步兵防御力加成」Lv.2
,404103,4,12,404100,3,,RESEARCH_404100,RESEARCH_info_40006,11700,123902,10152,27820,3679,,5603,「步兵防御力加成」Lv.3
,404201,4,10,404200,1,,RESEARCH_404200,RESEARCH_info_40007,9000,79426,4816,2004,2273,,6001,「骑兵防御力加成」Lv.1
,404202,4,11,404200,2,,RESEARCH_404200,RESEARCH_info_40007,9900,101002,7393,4700,2861,,6002,「骑兵防御力加成」Lv.2
,404203,4,12,404200,3,,RESEARCH_404200,RESEARCH_info_40007,11700,123902,10152,27820,3679,,6003,「骑兵防御力加成」Lv.3
,404301,4,10,404300,1,,RESEARCH_404300,RESEARCH_info_40008,9000,79426,4816,2004,2273,,6401,「弓兵防御力加成」Lv.1
,404302,4,11,404300,2,,RESEARCH_404300,RESEARCH_info_40008,9900,101002,7393,4700,2861,,6402,「弓兵防御力加成」Lv.2
,404303,4,12,404300,3,,RESEARCH_404300,RESEARCH_info_40008,11700,123902,10152,27820,3679,,6403,「弓兵防御力加成」Lv.3
,405101,4,11,405100,1,,RESEARCH_405100,RESEARCH_info_40009,58500,420844,30807,19584,14063,,2101,「行军栏位」Lv.1
,406101,4,12,406100,1,,RESEARCH_406100,RESEARCH_info_40010,18000,113577,9306,25502,3640,,5701,「步兵生命力加成」Lv.1
,406102,4,13,406100,2,,RESEARCH_406100,RESEARCH_info_40010,22500,138039,16731,45381,4591,,5702,「步兵生命力加成」Lv.2
,406103,4,14,406100,3,,RESEARCH_406100,RESEARCH_info_40010,27900,165396,25606,224769,6442,,5703,「步兵生命力加成」Lv.3
,406201,4,12,406200,1,,RESEARCH_406200,RESEARCH_info_40011,18000,113577,9306,25502,3640,,6101,「骑兵生命力加成」Lv.1
,406202,4,13,406200,2,,RESEARCH_406200,RESEARCH_info_40011,22500,138039,16731,45381,4591,,6102,「骑兵生命力加成」Lv.2
,406203,4,14,406200,3,,RESEARCH_406200,RESEARCH_info_40011,27900,165396,25606,224769,6442,,6103,「骑兵生命力加成」Lv.3
,406301,4,12,406300,1,,RESEARCH_406300,RESEARCH_info_40012,18000,113577,9306,25502,3640,,6501,「弓兵生命力加成」Lv.1
,406302,4,13,406300,2,,RESEARCH_406300,RESEARCH_info_40012,22500,138039,16731,45381,4591,,6502,「弓兵生命力加成」Lv.2
,406303,4,14,406300,3,,RESEARCH_406300,RESEARCH_info_40012,27900,165396,25606,224769,6442,,6503,「弓兵生命力加成」Lv.3
,407101,4,13,407100,1,,RESEARCH_407100,RESEARCH_info_40001,22500,125490,15210,41256,4536,,3401,「行军速度」Lv.1
,407102,4,14,407100,2,,RESEARCH_407100,RESEARCH_info_40001,27900,150360,23278,204336,6300,,3402,「行军速度」Lv.2
,407103,4,15,407100,3,,RESEARCH_407100,RESEARCH_info_40001,34200,177615,30960,319464,7970,,3403,「行军速度」Lv.3
,407104,4,16,407100,4,,RESEARCH_407100,RESEARCH_info_40001,41400,352939,36968,431424,10099,,3404,「行军速度」Lv.4
,407105,4,17,407100,5,,RESEARCH_407100,RESEARCH_info_40001,49500,435626,43956,527616,12064,,3405,「行军速度」Lv.5
,408101,4,14,408100,1,,RESEARCH_408100,RESEARCH_info_40002,27900,195468,30262,265636,6725,,5501,「步兵攻击力加成」Lv.1
,408102,4,15,408100,2,,RESEARCH_408100,RESEARCH_info_40002,34200,230899,40248,415303,8586,,5502,「步兵攻击力加成」Lv.2
,408103,4,16,408100,3,,RESEARCH_408100,RESEARCH_info_40002,41400,458821,48058,560851,11007,,5503,「步兵攻击力加成」Lv.3
,408104,4,17,408100,4,,RESEARCH_408100,RESEARCH_info_40002,49500,566314,57142,685900,13176,,5504,「步兵攻击力加成」Lv.4
,408105,4,18,408100,5,,RESEARCH_408100,RESEARCH_info_40002,58500,686741,71799,830606,15619,,5505,「步兵攻击力加成」Lv.5
,408201,4,14,408200,1,,RESEARCH_408200,RESEARCH_info_40006,27900,180432,27934,245203,6583,,5601,「步兵防御力加成」Lv.1
,408202,4,15,408200,2,,RESEARCH_408200,RESEARCH_info_40006,34200,213138,37152,383356,8380,,5602,「步兵防御力加成」Lv.2
,408203,4,16,408200,3,,RESEARCH_408200,RESEARCH_info_40006,41400,423527,44362,517708,10704,,5603,「步兵防御力加成」Lv.3
,408204,4,17,408200,4,,RESEARCH_408200,RESEARCH_info_40006,49500,522751,52747,633139,12806,,5604,「步兵防御力加成」Lv.4
,408205,4,18,408200,5,,RESEARCH_408200,RESEARCH_info_40006,58500,633915,66276,766713,15169,,5605,「步兵防御力加成」Lv.5
,408301,4,14,408300,1,,RESEARCH_408300,RESEARCH_info_40010,27900,165396,25606,224769,6442,,5701,「步兵生命力加成」Lv.1
,408302,4,15,408300,2,,RESEARCH_408300,RESEARCH_info_40010,34200,195376,34056,351410,8175,,5702,「步兵生命力加成」Lv.2
,408303,4,16,408300,3,,RESEARCH_408300,RESEARCH_info_40010,41400,388233,40665,474566,10401,,5703,「步兵生命力加成」Lv.3
,408304,4,17,408300,4,,RESEARCH_408300,RESEARCH_info_40010,49500,479189,48351,580377,12435,,5704,「步兵生命力加成」Lv.4
,408305,4,18,408300,5,,RESEARCH_408300,RESEARCH_info_40010,58500,581088,60753,702820,14719,,5705,「步兵生命力加成」Lv.5
,409101,4,15,409100,1,,RESEARCH_409100,RESEARCH_info_40005,102600,532846,92880,958392,23908,,7001,「部队规模上限」Lv.1
,409102,4,16,409100,2,,RESEARCH_409100,RESEARCH_info_40005,124200,1058819,110905,1294272,30295,,7002,「部队规模上限」Lv.2
,409103,4,17,409100,3,,RESEARCH_409100,RESEARCH_info_40005,148500,1306879,131868,1582848,36192,,7003,「部队规模上限」Lv.3
,409104,4,18,409100,4,,RESEARCH_409100,RESEARCH_info_40005,175500,1584787,165690,1916784,42807,,7004,「部队规模上限」Lv.4
,409105,4,19,409100,5,,RESEARCH_409100,RESEARCH_info_40005,205200,1895069,204624,2302560,50151,,7005,「部队规模上限」Lv.5
,410101,4,16,410100,1,,RESEARCH_410100,RESEARCH_info_40003,41400,458821,48058,560851,11007,,5901,「骑兵攻击力加成」Lv.1
,410102,4,17,410100,2,,RESEARCH_410100,RESEARCH_info_40003,49500,566314,57142,685900,13176,,5902,「骑兵攻击力加成」Lv.2
,410103,4,18,410100,3,,RESEARCH_410100,RESEARCH_info_40003,58500,686741,71799,830606,15619,,5903,「骑兵攻击力加成」Lv.3
,410104,4,19,410100,4,,RESEARCH_410100,RESEARCH_info_40003,68400,821196,88670,997776,18338,,5904,「骑兵攻击力加成」Lv.4
,410105,4,20,410100,5,,RESEARCH_410100,RESEARCH_info_40003,79200,971229,158722,1298419,22048,,5905,「骑兵攻击力加成」Lv.5
,410201,4,16,410200,1,,RESEARCH_410200,RESEARCH_info_40007,41400,423527,44362,517708,10704,,6001,「骑兵防御力加成」Lv.1
,410202,4,17,410200,2,,RESEARCH_410200,RESEARCH_info_40007,49500,522751,52747,633139,12806,,6002,「骑兵防御力加成」Lv.2
,410203,4,18,410200,3,,RESEARCH_410200,RESEARCH_info_40007,58500,633915,66276,766713,15169,,6003,「骑兵防御力加成」Lv.3
,410204,4,19,410200,4,,RESEARCH_410200,RESEARCH_info_40007,68400,758027,81849,921024,17798,,6004,「骑兵防御力加成」Lv.4
,410205,4,20,410200,5,,RESEARCH_410200,RESEARCH_info_40007,79200,896519,146512,1198540,21351,,6005,「骑兵防御力加成」Lv.5
,410301,4,16,410300,1,,RESEARCH_410300,RESEARCH_info_40011,41400,388233,40665,474566,10401,,6101,「骑兵生命力加成」Lv.1
,410302,4,17,410300,2,,RESEARCH_410300,RESEARCH_info_40011,49500,479189,48351,580377,12435,,6102,「骑兵生命力加成」Lv.2
,410303,4,18,410300,3,,RESEARCH_410300,RESEARCH_info_40011,58500,581088,60753,702820,14719,,6103,「骑兵生命力加成」Lv.3
,410304,4,19,410300,4,,RESEARCH_410300,RESEARCH_info_40011,68400,694858,75028,844272,17258,,6104,「骑兵生命力加成」Lv.4
,410305,4,20,410300,5,,RESEARCH_410300,RESEARCH_info_40011,79200,821809,134303,1098662,20654,,6105,「骑兵生命力加成」Lv.5
,411101,4,17,411100,1,,RESEARCH_411100,RESEARCH_info_40009,247500,2178132,219780,2638080,60319,,2101,「行军栏位」Lv.1
,412101,4,18,412100,1,,RESEARCH_412100,RESEARCH_info_40004,58500,686741,71799,330606,15619,,6301,「弓兵攻击力加成」Lv.1
,412102,4,19,412100,2,,RESEARCH_412100,RESEARCH_info_40004,68400,821196,88670,597776,18338,,6302,「弓兵攻击力加成」Lv.2
,412103,4,20,412100,3,,RESEARCH_412100,RESEARCH_info_40004,79200,971229,158722,798419,22048,,6303,「弓兵攻击力加成」Lv.3
,412104,4,21,412100,4,,RESEARCH_412100,RESEARCH_info_40004,102600,1032145,186810,877793,22091,,6304,「弓兵攻击力加成」Lv.4
,412105,4,22,412100,5,,RESEARCH_412100,RESEARCH_info_40004,114300,1103976,219219,1099038,25360,,6305,「弓兵攻击力加成」Lv.5
,412201,4,18,412200,1,,RESEARCH_412200,RESEARCH_info_40008,58500,633915,66276,466713,15169,,6401,「弓兵防御力加成」Lv.1
,412202,4,19,412200,2,,RESEARCH_412200,RESEARCH_info_40008,68400,758027,81849,621024,17798,,6402,「弓兵防御力加成」Lv.2
,412203,4,20,412200,3,,RESEARCH_412200,RESEARCH_info_40008,79200,896519,146512,798540,21351,,6403,「弓兵防御力加成」Lv.3
,412204,4,21,412200,4,,RESEARCH_412200,RESEARCH_info_40008,102600,952749,172440,810270,25250,,6404,「弓兵防御力加成」Lv.4
,412205,4,22,412200,5,,RESEARCH_412200,RESEARCH_info_40008,114300,1019055,202356,1014497,29659,,6405,「弓兵防御力加成」Lv.5
,412301,4,18,412300,1,,RESEARCH_412300,RESEARCH_info_40012,58500,581088,60753,302820,14719,,6501,「弓兵生命力加成」Lv.1
,412302,4,19,412300,2,,RESEARCH_412300,RESEARCH_info_40012,68400,694858,75028,544272,17258,,6502,「弓兵生命力加成」Lv.2
,412303,4,20,412300,3,,RESEARCH_412300,RESEARCH_info_40012,79200,821809,134303,698662,20654,,6503,「弓兵生命力加成」Lv.3
,412304,4,21,412300,4,,RESEARCH_412300,RESEARCH_info_40012,102600,873353,158070,742748,20967,,6504,「弓兵生命力加成」Lv.4
,412305,4,22,412300,5,,RESEARCH_412300,RESEARCH_info_40012,114300,934134,185493,929955,24030,,6505,「弓兵生命力加成」Lv.5
,413101,4,19,413100,1,,RESEARCH_413100,RESEARCH_info_40001,68400,631689,68208,367520,16717,,3401,「行军速度」Lv.1
,413102,4,20,413100,2,,RESEARCH_413100,RESEARCH_info_40001,79200,747099,122094,598784,19957,,3402,「行军速度」Lv.2
,413103,4,21,413100,3,,RESEARCH_413100,RESEARCH_info_40001,102600,793958,143700,675225,20405,,3403,「行军速度」Lv.3
,413104,4,22,413100,4,,RESEARCH_413100,RESEARCH_info_40001,114300,849212,168630,845414,23365,,3404,「行军速度」Lv.4
,413105,4,23,413100,5,,RESEARCH_413100,RESEARCH_info_40001,126000,865872,197352,1047859,26528,,3405,「行军速度」Lv.5
,414101,4,20,414100,1,,RESEARCH_414100,RESEARCH_info_40005,237600,2241299,366282,1896352,59871,,7001,「部队规模上限」Lv.1
,414102,4,21,414100,2,,RESEARCH_414100,RESEARCH_info_40005,307800,2381874,431100,2025676,61214,,7002,「部队规模上限」Lv.2
,414103,4,22,414100,3,,RESEARCH_414100,RESEARCH_info_40005,342900,2547638,505890,2536243,70093,,7003,「部队规模上限」Lv.3
,414104,4,23,414100,4,,RESEARCH_414100,RESEARCH_info_40005,378000,2597616,592056,3143577,79583,,7004,「部队规模上限」Lv.4
,414105,4,24,414100,5,,RESEARCH_414100,RESEARCH_info_40005,413100,2686815,691470,3861504,90127,,7005,「部队规模上限」Lv.5
,415101,4,21,415100,1,,RESEARCH_415100,RESEARCH_info_40009,513000,1190937,215550,1012838,82357,,2101,「行军栏位」Lv.1
,416101,4,22,416100,1,,RESEARCH_416100,RESEARCH_info_40002,114300,1103976,219219,1099038,25360,,5502,「步兵攻击力加成」Lv.1
,416102,4,23,416100,2,,RESEARCH_416100,RESEARCH_info_40002,126000,1125633,256557,1362216,28855,,5504,「步兵攻击力加成」Lv.2
,416103,4,24,416100,3,,RESEARCH_416100,RESEARCH_info_40002,137700,1164286,299637,1673318,32768,,5506,「步兵攻击力加成」Lv.3
,416104,4,25,416100,4,,RESEARCH_416100,RESEARCH_info_40002,149400,1189274,375648,2545920,39569,,5508,「步兵攻击力加成」Lv.4
,416105,4,25,416100,5,,RESEARCH_416100,RESEARCH_info_40002,161280,1207856,429312,3055104,44672,,5510,「步兵攻击力加成」Lv.5
,416106,4,25,416100,6,,RESEARCH_416100,RESEARCH_info_40002,173160,1226438,482976,3462451,49419,,5511,「步兵攻击力加成」Lv.6
,416201,4,22,416200,1,,RESEARCH_416200,RESEARCH_info_40006,114300,1019055,202356,1014497,24695,,5602,「步兵防御力加成」Lv.1
,416202,4,23,416200,2,,RESEARCH_416200,RESEARCH_info_40006,126000,1039046,236822,1257431,28079,,5604,「步兵防御力加成」Lv.2
,416203,4,24,416200,3,,RESEARCH_416200,RESEARCH_info_40006,137700,1074726,276588,1544601,31860,,5606,「步兵防御力加成」Lv.3
,416204,4,25,416200,4,,RESEARCH_416200,RESEARCH_info_40006,149400,1097791,346752,2350080,38315,,5608,「步兵防御力加成」Lv.4
,416205,4,25,416200,5,,RESEARCH_416200,RESEARCH_info_40006,161280,1114944,396288,2820096,43214,,5610,「步兵防御力加成」Lv.5
,416206,4,25,416200,6,,RESEARCH_416200,RESEARCH_info_40006,173160,1132097,445824,3196108,47793,,5611,「步兵防御力加成」Lv.6
,416301,4,22,416300,1,,RESEARCH_416300,RESEARCH_info_40010,114300,934134,185493,929955,24030,,5702,「步兵生命力加成」Lv.1
,416302,4,23,416300,2,,RESEARCH_416300,RESEARCH_info_40010,126000,952459,217087,1152645,27304,,5704,「步兵生命力加成」Lv.2
,416303,4,24,416300,3,,RESEARCH_416300,RESEARCH_info_40010,137700,985165,253539,1415884,30951,,5706,「步兵生命力加成」Lv.3
,416304,4,25,416300,4,,RESEARCH_416300,RESEARCH_info_40010,149400,1006308,317856,2154240,37061,,5708,「步兵生命力加成」Lv.4
,416305,4,25,416300,5,,RESEARCH_416300,RESEARCH_info_40010,161280,1022032,363264,2585088,41756,,5710,「步兵生命力加成」Lv.5
,416306,4,25,416300,6,,RESEARCH_416300,RESEARCH_info_40010,173160,1037756,408672,2929766,46168,,5711,「步兵生命力加成」Lv.6
,417101,4,23,417100,1,,RESEARCH_417100,RESEARCH_info_40003,126000,1125633,256557,1362216,28855,,5902,「骑兵攻击力加成」Lv.1
,417102,4,24,417100,2,,RESEARCH_417100,RESEARCH_info_40003,137700,1164286,299637,1673318,32768,,5904,「骑兵攻击力加成」Lv.2
,417103,4,25,417100,3,,RESEARCH_417100,RESEARCH_info_40003,149400,1189274,375648,2545920,39569,,5906,「骑兵攻击力加成」Lv.3
,417104,4,25,417100,4,,RESEARCH_417100,RESEARCH_info_40003,161280,1207856,429312,3055104,44672,,5908,「骑兵攻击力加成」Lv.4
,417105,4,25,417100,5,,RESEARCH_417100,RESEARCH_info_40003,173160,1226438,482976,3462451,49419,,5910,「骑兵攻击力加成」Lv.5
,417106,4,25,417100,6,,RESEARCH_417100,RESEARCH_info_40003,185040,1245021,536640,3666124,53325,,5911,「骑兵攻击力加成」Lv.6
,417201,4,23,417200,1,,RESEARCH_417200,RESEARCH_info_40007,126000,1039046,236822,1257431,28079,,6002,「骑兵防御力加成」Lv.1
,417202,4,24,417200,2,,RESEARCH_417200,RESEARCH_info_40007,137700,1074726,276588,1544601,31860,,6004,「骑兵防御力加成」Lv.2
,417203,4,25,417200,3,,RESEARCH_417200,RESEARCH_info_40007,149400,1097791,346752,2350080,38315,,6006,「骑兵防御力加成」Lv.3
,417204,4,25,417200,4,,RESEARCH_417200,RESEARCH_info_40007,161280,1114944,396288,2820096,43214,,6008,「骑兵防御力加成」Lv.4
,417205,4,25,417200,5,,RESEARCH_417200,RESEARCH_info_40007,173160,1132097,445824,3196108,47793,,6010,「骑兵防御力加成」Lv.5
,417206,4,25,417200,6,,RESEARCH_417200,RESEARCH_info_40007,185040,1149250,495360,3384115,51606,,6011,「骑兵防御力加成」Lv.6
,417301,4,23,417300,1,,RESEARCH_417300,RESEARCH_info_40011,126000,952459,217087,1152645,27304,,6102,「骑兵生命力加成」Lv.1
,417302,4,24,417300,2,,RESEARCH_417300,RESEARCH_info_40011,137700,985165,253539,1415884,30951,,6104,「骑兵生命力加成」Lv.2
,417303,4,25,417300,3,,RESEARCH_417300,RESEARCH_info_40011,149400,1006308,317856,2154240,37061,,6106,「骑兵生命力加成」Lv.3
,417304,4,25,417300,4,,RESEARCH_417300,RESEARCH_info_40011,161280,1022032,363264,2585088,41756,,6108,「骑兵生命力加成」Lv.4
,417305,4,25,417300,5,,RESEARCH_417300,RESEARCH_info_40011,173160,1037756,408672,2929766,46168,,6110,「骑兵生命力加成」Lv.5
,417306,4,25,417300,6,,RESEARCH_417300,RESEARCH_info_40011,185040,1053479,454080,3102105,49888,,6111,「骑兵生命力加成」Lv.6
,418101,4,24,418100,1,,RESEARCH_418100,RESEARCH_info_40004,137700,1164286,299637,1673318,32768,,6302,「弓兵攻击力加成」Lv.1
,418102,4,25,418100,2,,RESEARCH_418100,RESEARCH_info_40004,149400,1189274,375648,2545920,39569,,6304,「弓兵攻击力加成」Lv.2
,418103,4,25,418100,3,,RESEARCH_418100,RESEARCH_info_40004,161280,1207856,429312,3055104,44672,,6306,「弓兵攻击力加成」Lv.3
,418104,4,25,418100,4,,RESEARCH_418100,RESEARCH_info_40004,173160,1226438,482976,3462451,49419,,6308,「弓兵攻击力加成」Lv.4
,418105,4,25,418100,5,,RESEARCH_418100,RESEARCH_info_40004,185040,1245021,536640,3666124,53325,,6310,「弓兵攻击力加成」Lv.5
,418106,4,25,418100,6,,RESEARCH_418100,RESEARCH_info_40004,196920,1263603,590304,3767961,56874,,6311,「弓兵攻击力加成」Lv.6
,418201,4,24,418200,1,,RESEARCH_418200,RESEARCH_info_40008,137700,1074726,276588,1544601,31860,,6402,「弓兵防御力加成」Lv.1
,418202,4,25,418200,2,,RESEARCH_418200,RESEARCH_info_40008,149400,1097791,346752,2350080,38315,,6404,「弓兵防御力加成」Lv.2
,418203,4,25,418200,3,,RESEARCH_418200,RESEARCH_info_40008,161280,1114944,396288,2820096,43214,,6406,「弓兵防御力加成」Lv.3
,418204,4,25,418200,4,,RESEARCH_418200,RESEARCH_info_40008,173160,1132097,445824,3196108,47793,,6408,「弓兵防御力加成」Lv.4
,418205,4,25,418200,5,,RESEARCH_418200,RESEARCH_info_40008,185040,1149250,495360,3384115,51606,,6410,「弓兵防御力加成」Lv.5
,418206,4,25,418200,6,,RESEARCH_418200,RESEARCH_info_40008,196920,1166403,544896,3478118,55100,,6411,「弓兵防御力加成」Lv.6
,418301,4,24,418300,1,,RESEARCH_418300,RESEARCH_info_40012,137700,985165,253539,1415884,30951,,6502,「弓兵生命力加成」Lv.1
,418302,4,25,418300,2,,RESEARCH_418300,RESEARCH_info_40012,149400,1006308,317856,2154240,37061,,6504,「弓兵生命力加成」Lv.2
,418303,4,25,418300,3,,RESEARCH_418300,RESEARCH_info_40012,161280,1022032,363264,2585088,41756,,6506,「弓兵生命力加成」Lv.3
,418304,4,25,418300,4,,RESEARCH_418300,RESEARCH_info_40012,173160,1037756,408672,2929766,46168,,6508,「弓兵生命力加成」Lv.4
,418305,4,25,418300,5,,RESEARCH_418300,RESEARCH_info_40012,185040,1053479,454080,3102105,49888,,6510,「弓兵生命力加成」Lv.5
,418306,4,25,418300,6,,RESEARCH_418300,RESEARCH_info_40012,196920,1069203,499488,3188275,53327,,6511,「弓兵生命力加成」Lv.6
,419101,4,25,419100,1,,RESEARCH_419100,RESEARCH_info_40013,448200,2058359,650160,4406400,98020,,6701,「部队攻击力加成」Lv.1
,419102,4,25,419100,2,,RESEARCH_419100,RESEARCH_info_40013,483840,2090520,743040,5287680,109954,,6702,「部队攻击力加成」Lv.2
,419103,4,25,419100,3,,RESEARCH_419100,RESEARCH_info_40013,519480,2122682,835920,5992704,121434,,6703,「部队攻击力加成」Lv.3
,419104,4,25,419100,4,,RESEARCH_419100,RESEARCH_info_40013,555120,2154844,928800,6345216,131621,,6704,「部队攻击力加成」Lv.4
,419105,4,25,419100,5,,RESEARCH_419100,RESEARCH_info_40013,590760,2187006,1021680,6521472,141354,,6705,「部队攻击力加成」Lv.5
,419106,4,25,419100,6,,RESEARCH_419100,RESEARCH_info_40013,626400,2219168,1058832,6697728,151274,,6706,「部队攻击力加成」Lv.6
,419107,4,25,419100,7,,RESEARCH_419100,RESEARCH_info_40013,662040,2251330,1077408,6873984,161513,,6707,「部队攻击力加成」Lv.7
,419108,4,25,419100,8,,RESEARCH_419100,RESEARCH_info_40013,698760,2283492,1095984,7050240,172138,,6708,「部队攻击力加成」Lv.8
,419109,4,25,419100,9,,RESEARCH_419100,RESEARCH_info_40013,735480,2315653,1114560,7226496,183149,,6709,「部队攻击力加成」Lv.9
,419110,4,25,419100,10,,RESEARCH_419100,RESEARCH_info_40013,772200,2347815,1133136,7402752,194546,,6710,「部队攻击力加成」Lv.10
,419201,4,25,419200,1,,RESEARCH_419200,RESEARCH_info_40014,448200,1921135,606816,4112640,96140,,6801,「部队防御力加成」Lv.1
,419202,4,25,419200,2,,RESEARCH_419200,RESEARCH_info_40014,483840,1951152,693504,4935168,107767,,6802,「部队防御力加成」Lv.2
,419203,4,25,419200,3,,RESEARCH_419200,RESEARCH_info_40014,519480,1981170,780192,5593190,118995,,6803,「部队防御力加成」Lv.3
,419204,4,25,419200,4,,RESEARCH_419200,RESEARCH_info_40014,555120,2011188,866880,5922201,129043,,6804,「部队防御力加成」Lv.4
,419205,4,25,419200,5,,RESEARCH_419200,RESEARCH_info_40014,590760,2041206,953568,6086707,138693,,6805,「部队防御力加成」Lv.5
,419206,4,25,419200,6,,RESEARCH_419200,RESEARCH_info_40014,626400,2071223,988243,6251212,148543,,6806,「部队防御力加成」Lv.6
,419207,4,25,419200,7,,RESEARCH_419200,RESEARCH_info_40014,662040,2101241,1005580,6415718,158717,,6807,「部队防御力加成」Lv.7
,419208,4,25,419200,8,,RESEARCH_419200,RESEARCH_info_40014,698760,2131259,1022918,6580224,169277,,6808,「部队防御力加成」Lv.8
,419209,4,25,419200,9,,RESEARCH_419200,RESEARCH_info_40014,735480,2161276,1040256,6744729,180222,,6809,「部队防御力加成」Lv.9
,419210,4,25,419200,10,,RESEARCH_419200,RESEARCH_info_40014,772200,2191294,1057593,6909235,191553,,6810,「部队防御力加成」Lv.10
,419301,4,25,419300,1,,RESEARCH_419300,RESEARCH_info_40015,448200,1829652,577920,3916800,94887,,6901,「部队生命力加成」Lv.1
,419302,4,25,419300,2,,RESEARCH_419300,RESEARCH_info_40015,483840,1858240,660480,4700160,106308,,6902,「部队生命力加成」Lv.2
,419303,4,25,419300,3,,RESEARCH_419300,RESEARCH_info_40015,519480,1886829,743040,5326848,117370,,6903,「部队生命力加成」Lv.3
,419304,4,25,419300,4,,RESEARCH_419300,RESEARCH_info_40015,555120,1915417,825600,5640192,127325,,6904,「部队生命力加成」Lv.4
,419305,4,25,419300,5,,RESEARCH_419300,RESEARCH_info_40015,590760,1944005,908160,5796864,136919,,6905,「部队生命力加成」Lv.5
,419306,4,25,419300,6,,RESEARCH_419300,RESEARCH_info_40015,626400,1972594,941184,5953536,146723,,6906,「部队生命力加成」Lv.6
,419307,4,25,419300,7,,RESEARCH_419300,RESEARCH_info_40015,662040,2001182,957696,6110208,156853,,6907,「部队生命力加成」Lv.7
,419308,4,25,419300,8,,RESEARCH_419300,RESEARCH_info_40015,698760,2029770,974208,6266880,167369,,6908,「部队生命力加成」Lv.8
,419309,4,25,419300,9,,RESEARCH_419300,RESEARCH_info_40015,735480,2058359,990720,6423552,178271,,6909,「部队生命力加成」Lv.9
,419310,4,25,419300,10,,RESEARCH_419300,RESEARCH_info_40015,772200,2086947,1007232,6580224,189558,,6910,「部队生命力加成」Lv.10
,420101,4,25,420100,1,,RESEARCH_420100,RESEARCH_info_40001,149400,914826,288960,1958400,33879,,3401,「行军速度」Lv.1
,420102,4,25,420100,2,,RESEARCH_420100,RESEARCH_info_40001,161280,929120,330240,2350080,37623,,3402,「行军速度」Lv.2
,420103,4,25,420100,3,,RESEARCH_420100,RESEARCH_info_40001,173160,943414,371520,2663424,40994,,3403,「行军速度」Lv.3
,420104,4,25,420100,4,,RESEARCH_420100,RESEARCH_info_40001,185040,957708,412800,2820096,43618,,3404,「行军速度」Lv.4
,420105,4,25,420100,5,,RESEARCH_420100,RESEARCH_info_40001,196920,972002,454080,2898432,45870,,3405,「行军速度」Lv.5
,421101,4,25,421100,1,[15「；」25],RESEARCH_421100,RESEARCH_info_40016,259200,5000000,3500000,2500000,150000,[1「；」1007],3400,歩兵Tier7解放
,421201,4,25,421200,1,[17「；」25],RESEARCH_421200,RESEARCH_info_40017,259200,5000000,3500000,2500000,150000,[1「；」3007],3400,騎兵Tier7解放
,421301,4,25,421300,1,[16「；」25],RESEARCH_421300,RESEARCH_info_40018,259200,5000000,3500000,2500000,150000,[1「；」2007],3400,弓兵Tier7解放
,422101,4,26,422100,1,,RESEARCH_422100,RESEARCH_info_40010,161280,889385,363264,2204928,36955,,5712,「步兵生命力加成」Lv.1
,422102,4,27,422100,2,,RESEARCH_422100,RESEARCH_info_40010,173160,903068,408672,2498918,40247,,5705,「步兵生命力加成」Lv.2
,422103,4,28,422100,3,,RESEARCH_422100,RESEARCH_info_40010,185040,916751,454080,2645913,42839,,5713,「步兵生命力加成」Lv.3
,422104,4,28,422100,4,,RESEARCH_422100,RESEARCH_info_40010,196920,930434,499488,2719411,45081,,5710,「步兵生命力加成」Lv.4
,422105,4,28,422100,5,,RESEARCH_422100,RESEARCH_info_40010,208800,944117,517651,2792908,47225,,5714,「步兵生命力加成」Lv.5
,422106,4,28,422100,6,,RESEARCH_422100,RESEARCH_info_40010,220680,957799,526732,2866406,49337,,5715,「步兵生命力加成」Lv.6
,422201,4,26,422200,1,,RESEARCH_422200,RESEARCH_info_40011,161280,889385,363264,2204928,36955,,6112,「骑兵生命力加成」Lv.1
,422202,4,27,422200,2,,RESEARCH_422200,RESEARCH_info_40011,173160,903068,408672,2498918,40247,,6105,「骑兵生命力加成」Lv.2
,422203,4,28,422200,3,,RESEARCH_422200,RESEARCH_info_40011,185040,916751,454080,2645913,42839,,6113,「骑兵生命力加成」Lv.3
,422204,4,28,422200,4,,RESEARCH_422200,RESEARCH_info_40011,196920,930434,499488,2719411,45081,,6110,「骑兵生命力加成」Lv.4
,422205,4,28,422200,5,,RESEARCH_422200,RESEARCH_info_40011,208800,944117,517651,2792908,47225,,6114,「骑兵生命力加成」Lv.5
,422206,4,28,422200,6,,RESEARCH_422200,RESEARCH_info_40011,220680,957799,526732,2866406,49337,,6115,「骑兵生命力加成」Lv.6
,422301,4,26,422300,1,,RESEARCH_422300,RESEARCH_info_40012,161280,889385,363264,2204928,36955,,6512,「弓兵生命力加成」Lv.1
,422302,4,27,422300,2,,RESEARCH_422300,RESEARCH_info_40012,173160,903068,408672,2498918,40247,,6505,「弓兵生命力加成」Lv.2
,422303,4,28,422300,3,,RESEARCH_422300,RESEARCH_info_40012,185040,916751,454080,2645913,42839,,6513,「弓兵生命力加成」Lv.3
,422304,4,28,422300,4,,RESEARCH_422300,RESEARCH_info_40012,196920,930434,499488,2719411,45081,,6510,「弓兵生命力加成」Lv.4
,422305,4,28,422300,5,,RESEARCH_422300,RESEARCH_info_40012,208800,944117,517651,2792908,47225,,6514,「弓兵生命力加成」Lv.5
,422306,4,28,422300,6,,RESEARCH_422300,RESEARCH_info_40012,220680,957799,526732,2866406,49337,,6515,「弓兵生命力加成」Lv.6
,423101,4,26,423100,1,,RESEARCH_423100,RESEARCH_info_40019,564480,2021331,825600,5011200,112265,,5801,「步兵伤害加成」Lv.1
,423102,4,27,423100,2,,RESEARCH_423100,RESEARCH_info_40019,606060,2052428,928800,5679360,121829,,5802,「步兵伤害加成」Lv.2
,423103,4,28,423100,3,,RESEARCH_423100,RESEARCH_info_40019,647640,2083525,1032000,6013440,129802,,5803,「步兵伤害加成」Lv.3
,423104,4,28,423100,4,,RESEARCH_423100,RESEARCH_info_40019,689220,2114623,1135200,6180480,136980,,5804,「步兵伤害加成」Lv.4
,423105,4,28,423100,5,,RESEARCH_423100,RESEARCH_info_40019,730800,2145720,1176480,6347520,143937,,5805,「步兵伤害加成」Lv.5
,423201,4,26,423200,1,,RESEARCH_423200,RESEARCH_info_40020,564480,2021331,825600,5011200,112265,,6201,「骑兵伤害加成」Lv.1
,423202,4,27,423200,2,,RESEARCH_423200,RESEARCH_info_40020,606060,2052428,928800,5679360,121829,,6202,「骑兵伤害加成」Lv.2
,423203,4,28,423200,3,,RESEARCH_423200,RESEARCH_info_40020,647640,2083525,1032000,6013440,129802,,6203,「骑兵伤害加成」Lv.3
,423204,4,28,423200,4,,RESEARCH_423200,RESEARCH_info_40020,689220,2114623,1135200,6180480,136980,,6204,「骑兵伤害加成」Lv.4
,423205,4,28,423200,5,,RESEARCH_423200,RESEARCH_info_40020,730800,2145720,1176480,6347520,143937,,6205,「骑兵伤害加成」Lv.5
,423301,4,26,423300,1,,RESEARCH_423300,RESEARCH_info_40021,564480,2021331,825600,5011200,112265,,6601,「弓兵伤害加成」Lv.1
,423302,4,27,423300,2,,RESEARCH_423300,RESEARCH_info_40021,606060,2052428,928800,5679360,121829,,6602,「弓兵伤害加成」Lv.2
,423303,4,28,423300,3,,RESEARCH_423300,RESEARCH_info_40021,647640,2083525,1032000,6013440,129802,,6603,「弓兵伤害加成」Lv.3
,423304,4,28,423300,4,,RESEARCH_423300,RESEARCH_info_40021,689220,2114623,1135200,6180480,136980,,6604,「弓兵伤害加成」Lv.4
,423305,4,28,423300,5,,RESEARCH_423300,RESEARCH_info_40021,730800,2145720,1176480,6347520,143937,,6605,「弓兵伤害加成」Lv.5
,424101,4,27,424100,1,,RESEARCH_424100,RESEARCH_info_40005,519480,2462914,1114560,6815232,116510,,7001,「部队规模上限」Lv.1
,424102,4,27,424100,2,,RESEARCH_424100,RESEARCH_info_40005,555120,2500230,1238400,7216128,124042,,7002,「部队规模上限」Lv.2
,424103,4,28,424100,3,,RESEARCH_424100,RESEARCH_info_40005,590760,2537547,1362240,7416576,130619,,7003,「部队规模上限」Lv.3
,424104,4,28,424100,4,,RESEARCH_424100,RESEARCH_info_40005,626400,2574864,1411776,7617024,136930,,7004,「部队规模上限」Lv.4
,424105,4,28,424100,5,,RESEARCH_424100,RESEARCH_info_40005,662040,2612181,1436544,7817472,143154,,7005,「部队规模上限」Lv.5
,424106,4,28,424100,6,,RESEARCH_424100,RESEARCH_info_40005,698760,2649498,1461312,8017920,149531,,7006,「部队规模上限」Lv.6
,424107,4,28,424100,7,,RESEARCH_424100,RESEARCH_info_40005,735480,2686815,1486080,8218368,155909,,7007,「部队规模上限」Lv.7
,424108,4,28,424100,8,,RESEARCH_424100,RESEARCH_info_40005,772200,2724132,1510848,8418816,162286,,7008,「部队规模上限」Lv.8
,424109,4,28,424100,9,,RESEARCH_424100,RESEARCH_info_40005,808920,2761449,1548000,8819712,169663,,7009,「部队规模上限」Lv.9
,424110,4,28,424100,10,,RESEARCH_424100,RESEARCH_info_40005,847800,2798766,1585152,9856512,216451,,7010,「部队规模上限」Lv.10
,425101,4,28,425100,1,,RESEARCH_425100,RESEARCH_info_40022,432000,8000000,5000000,10000000,500000,[1「；」1008],3400,「解锁8级步兵」Lv.1
,425201,4,28,425200,1,,RESEARCH_425200,RESEARCH_info_40023,432000,8000000,5000000,10000000,500000,[1「；」3008],3400,「解锁8级骑兵」Lv.1
,425301,4,28,425300,1,,RESEARCH_425300,RESEARCH_info_40024,432000,8000000,5000000,10000000,500000,[1「；」2008],3400,「解锁8级弓兵」Lv.1
,426101,4,28,426100,1,,RESEARCH_426100,RESEARCH_info_40001,185040,833410,412800,2405376,41348,,3401,「行军速度」Lv.1
,426102,4,28,426100,2,,RESEARCH_426100,RESEARCH_info_40001,196920,845849,454080,2472192,43540,,3402,「行军速度」Lv.2
,426103,4,28,426100,3,,RESEARCH_426100,RESEARCH_info_40001,208800,858288,470592,2539008,45644,,3403,「行军速度」Lv.3
,426104,4,28,426100,4,,RESEARCH_426100,RESEARCH_info_40001,220680,870727,478848,2605824,47718,,3404,「行军速度」Lv.4
,426105,4,28,426100,5,,RESEARCH_426100,RESEARCH_info_40001,232920,883166,487104,2672640,49844,,3405,「行军速度」Lv.5
,426106,4,28,426100,6,,RESEARCH_426100,RESEARCH_info_40001,245160,895605,495360,2739456,51970,,3406,「行军速度」Lv.6
,426107,4,28,426100,7,,RESEARCH_426100,RESEARCH_info_40001,257400,908044,503616,2806272,54096,,3407,「行军速度」Lv.7
,426108,4,28,426100,8,,RESEARCH_426100,RESEARCH_info_40001,269640,920483,516000,2939904,56555,,3408,「行军速度」Lv.8
,426109,4,28,426100,9,,RESEARCH_426100,RESEARCH_info_40001,282600,932922,528384,3285504,72151,,3409,「行军速度」Lv.9
,426110,4,28,426100,10,,RESEARCH_426100,RESEARCH_info_40001,295560,945360,540768,3428352,75277,,3410,「行军速度」Lv.10
,427101,4,28,427100,1,,RESEARCH_427100,RESEARCH_info_40006,185040,1000092,495360,2886451,44330,,5612,「步兵防御力加成」Lv.1
,427102,4,28,427100,2,,RESEARCH_427100,RESEARCH_info_40006,196920,1015019,544896,2966630,46622,,5605,「步兵防御力加成」Lv.2
,427103,4,28,427100,3,,RESEARCH_427100,RESEARCH_info_40006,208800,1029945,564710,3046809,48807,,5613,「步兵防御力加成」Lv.3
,427104,4,28,427100,4,,RESEARCH_427100,RESEARCH_info_40006,220680,1044872,574617,3126988,50957,,5610,「步兵防御力加成」Lv.4
,427105,4,28,427100,5,,RESEARCH_427100,RESEARCH_info_40006,232920,1059799,584524,3207168,53158,,5614,「步兵防御力加成」Lv.5
,427106,4,28,427100,6,,RESEARCH_427100,RESEARCH_info_40006,245160,1074726,594432,3287347,55359,,5615,「步兵防御力加成」Lv.6
,427201,4,28,427200,1,,RESEARCH_427200,RESEARCH_info_40007,185040,1000092,495360,2886451,44330,,6012,「骑兵防御力加成」Lv.1
,427202,4,28,427200,2,,RESEARCH_427200,RESEARCH_info_40007,196920,1015019,544896,2966630,46622,,6005,「骑兵防御力加成」Lv.2
,427203,4,28,427200,3,,RESEARCH_427200,RESEARCH_info_40007,208800,1029945,564710,3046809,48807,,6013,「骑兵防御力加成」Lv.3
,427204,4,28,427200,4,,RESEARCH_427200,RESEARCH_info_40007,220680,1044872,574617,3126988,50957,,6010,「骑兵防御力加成」Lv.4
,427205,4,28,427200,5,,RESEARCH_427200,RESEARCH_info_40007,232920,1059799,584524,3207168,53158,,6014,「骑兵防御力加成」Lv.5
,427206,4,28,427200,6,,RESEARCH_427200,RESEARCH_info_40007,245160,1074726,594432,3287347,55359,,6015,「骑兵防御力加成」Lv.6
,427301,4,28,427300,1,,RESEARCH_427300,RESEARCH_info_40008,185040,1000092,495360,2886451,44330,,6412,「弓兵防御力加成」Lv.1
,427302,4,28,427300,2,,RESEARCH_427300,RESEARCH_info_40008,196920,1015019,544896,2966630,46622,,6405,「弓兵防御力加成」Lv.2
,427303,4,28,427300,3,,RESEARCH_427300,RESEARCH_info_40008,208800,1029945,564710,3046809,48807,,6413,「弓兵防御力加成」Lv.3
,427304,4,28,427300,4,,RESEARCH_427300,RESEARCH_info_40008,220680,1044872,574617,3126988,50957,,6410,「弓兵防御力加成」Lv.4
,427305,4,28,427300,5,,RESEARCH_427300,RESEARCH_info_40008,232920,1059799,584524,3207168,53158,,6414,「弓兵防御力加成」Lv.5
,427306,4,28,427300,6,,RESEARCH_427300,RESEARCH_info_40008,245160,1074726,594432,3287347,55359,,6415,「弓兵防御力加成」Lv.6
,428101,4,28,428100,1,,RESEARCH_428100,RESEARCH_info_40019,689220,2114623,1135200,6180480,136980,,5801,「步兵伤害加成」Lv.1
,428102,4,28,428100,2,,RESEARCH_428100,RESEARCH_info_40019,730800,2145720,1176480,6347520,143937,,5802,「步兵伤害加成」Lv.2
,428103,4,28,428100,3,,RESEARCH_428100,RESEARCH_info_40019,772380,2176818,1197120,6514560,150821,,5803,「步兵伤害加成」Lv.3
,428104,4,28,428100,4,,RESEARCH_428100,RESEARCH_info_40019,815220,2207915,1217760,6681600,157884,,5804,「步兵伤害加成」Lv.4
,428105,4,28,428100,5,,RESEARCH_428100,RESEARCH_info_40019,858060,2239012,1238400,6848640,164947,,5805,「步兵伤害加成」Lv.5
,428106,4,28,428100,6,,RESEARCH_428100,RESEARCH_info_40019,900900,2270110,1259040,7015680,172010,,5806,「步兵伤害加成」Lv.6
,428107,4,28,428100,7,,RESEARCH_428100,RESEARCH_info_40019,943740,2301207,1290000,7349760,179906,,5807,「步兵伤害加成」Lv.7
,428108,4,28,428100,8,,RESEARCH_428100,RESEARCH_info_40019,989100,2332305,1320960,8213760,228821,,5808,「步兵伤害加成」Lv.8
,428109,4,28,428100,9,,RESEARCH_428100,RESEARCH_info_40019,1034460,2363402,1351920,8570880,238859,,5809,「步兵伤害加成」Lv.9
,428110,4,28,428100,10,,RESEARCH_428100,RESEARCH_info_40019,1079820,2394499,1382880,9504000,294221,,5810,「步兵伤害加成」Lv.10
,428201,4,28,428200,1,,RESEARCH_428200,RESEARCH_info_40020,689220,2114623,1135200,6180480,136980,,6201,「骑兵伤害加成」Lv.1
,428202,4,28,428200,2,,RESEARCH_428200,RESEARCH_info_40020,730800,2145720,1176480,6347520,143937,,6202,「骑兵伤害加成」Lv.2
,428203,4,28,428200,3,,RESEARCH_428200,RESEARCH_info_40020,772380,2176818,1197120,6514560,150821,,6203,「骑兵伤害加成」Lv.3
,428204,4,28,428200,4,,RESEARCH_428200,RESEARCH_info_40020,815220,2207915,1217760,6681600,157884,,6204,「骑兵伤害加成」Lv.4
,428205,4,28,428200,5,,RESEARCH_428200,RESEARCH_info_40020,858060,2239012,1238400,6848640,164947,,6205,「骑兵伤害加成」Lv.5
,428206,4,28,428200,6,,RESEARCH_428200,RESEARCH_info_40020,900900,2270110,1259040,7015680,172010,,6206,「骑兵伤害加成」Lv.6
,428207,4,28,428200,7,,RESEARCH_428200,RESEARCH_info_40020,943740,2301207,1290000,7349760,179906,,6207,「骑兵伤害加成」Lv.7
,428208,4,28,428200,8,,RESEARCH_428200,RESEARCH_info_40020,989100,2332305,1320960,8213760,228821,,6208,「骑兵伤害加成」Lv.8
,428209,4,28,428200,9,,RESEARCH_428200,RESEARCH_info_40020,1034460,2363402,1351920,8570880,238859,,6209,「骑兵伤害加成」Lv.9
,428210,4,28,428200,10,,RESEARCH_428200,RESEARCH_info_40020,1079820,2394499,1382880,9504000,294221,,6210,「骑兵伤害加成」Lv.10
,428301,4,28,428300,1,,RESEARCH_428300,RESEARCH_info_40021,689220,2114623,1135200,6180480,136980,,6601,「弓兵伤害加成」Lv.1
,428302,4,28,428300,2,,RESEARCH_428300,RESEARCH_info_40021,730800,2145720,1176480,6347520,143937,,6602,「弓兵伤害加成」Lv.2
,428303,4,28,428300,3,,RESEARCH_428300,RESEARCH_info_40021,772380,2176818,1197120,6514560,150821,,6603,「弓兵伤害加成」Lv.3
,428304,4,28,428300,4,,RESEARCH_428300,RESEARCH_info_40021,815220,2207915,1217760,6681600,157884,,6604,「弓兵伤害加成」Lv.4
,428305,4,28,428300,5,,RESEARCH_428300,RESEARCH_info_40021,858060,2239012,1238400,6848640,164947,,6605,「弓兵伤害加成」Lv.5
,428306,4,28,428300,6,,RESEARCH_428300,RESEARCH_info_40021,900900,2270110,1259040,7015680,172010,,6606,「弓兵伤害加成」Lv.6
,428307,4,28,428300,7,,RESEARCH_428300,RESEARCH_info_40021,943740,2301207,1290000,7349760,179906,,6607,「弓兵伤害加成」Lv.7
,428308,4,28,428300,8,,RESEARCH_428300,RESEARCH_info_40021,989100,2332305,1320960,8213760,228821,,6608,「弓兵伤害加成」Lv.8
,428309,4,28,428300,9,,RESEARCH_428300,RESEARCH_info_40021,1034460,2363402,1351920,8570880,238859,,6609,「弓兵伤害加成」Lv.9
,428310,4,28,428300,10,,RESEARCH_428300,RESEARCH_info_40021,1079820,2394499,1382880,9504000,294221,,6610,「弓兵伤害加成」Lv.10
,429101,4,29,429100,1,,RESEARCH_429100,RESEARCH_info_40005,590760,2537547,1362240,7416576,130619,,7001,「部队规模上限」Lv.1
,429102,4,29,429100,2,,RESEARCH_429100,RESEARCH_info_40005,626400,2574864,1411776,7617024,136930,,7002,「部队规模上限」Lv.2
,429103,4,29,429100,3,,RESEARCH_429100,RESEARCH_info_40005,662040,2612181,1436544,7817472,143154,,7003,「部队规模上限」Lv.3
,429104,4,29,429100,4,,RESEARCH_429100,RESEARCH_info_40005,698760,2649498,1461312,8017920,149531,,7004,「部队规模上限」Lv.4
,429105,4,29,429100,5,,RESEARCH_429100,RESEARCH_info_40005,735480,2686815,1486080,8218368,155909,,7005,「部队规模上限」Lv.5
,429106,4,29,429100,6,,RESEARCH_429100,RESEARCH_info_40005,772200,2724132,1510848,8418816,162286,,7006,「部队规模上限」Lv.6
,429107,4,29,429100,7,,RESEARCH_429100,RESEARCH_info_40005,808920,2761449,1548000,8819712,169663,,7007,「部队规模上限」Lv.7
,429108,4,29,429100,8,,RESEARCH_429100,RESEARCH_info_40005,847800,2798766,1585152,9856512,216451,,7008,「部队规模上限」Lv.8
,429109,4,29,429100,9,,RESEARCH_429100,RESEARCH_info_40005,886680,2836082,1622304,10285056,225830,,7009,「部队规模上限」Lv.9
,429110,4,29,429100,10,,RESEARCH_429100,RESEARCH_info_40005,925560,2873399,1659456,11404800,279020,,7010,「部队规模上限」Lv.10
,429111,4,29,429100,11,,RESEARCH_429100,RESEARCH_info_40005,966600,2910716,1696608,11860992,290579,,7011,「部队规模上限」Lv.11
,429112,4,29,429100,12,,RESEARCH_429100,RESEARCH_info_40005,1007640,2948033,1774080,13063680,351219,,7012,「部队规模上限」Lv.12
,429113,4,29,429100,13,,RESEARCH_429100,RESEARCH_info_40005,1048680,2985350,1812096,13547520,364646,,7013,「部队规模上限」Lv.13
,429114,4,29,429100,14,,RESEARCH_429100,RESEARCH_info_40005,1091880,3022667,1934208,14833152,433299,,7014,「部队规模上限」Lv.14
,429115,4,29,429100,15,,RESEARCH_429100,RESEARCH_info_40005,1135080,3059984,1973952,15344640,449208,,7015,「部队规模上限」Lv.15
,430101,4,30,430100,1,[15「；」30],RESEARCH_430100,RESEARCH_info_40025,604800,15000000,8000000,25000000,1000000,[1「；」1010],3400,「解锁10级步兵」Lv.1
,430201,4,30,430200,1,[17「；」30],RESEARCH_430200,RESEARCH_info_40026,604800,15000000,8000000,25000000,1000000,[1「；」3010],3400,「解锁10级骑兵」Lv.1
,430301,4,30,430300,1,[16「；」30],RESEARCH_430300,RESEARCH_info_40027,604800,15000000,8000000,25000000,1000000,[1「；」2010],3400,「解锁10级弓兵」Lv.1